name,type,start_date,athlete_count,average_cadence,average_heartrate,average_speed,distance,elapsed_time,has_heartrate,max_heartrate,max_speed,moving_time,sport_type,total_elevation_gain,kudos_count,achievement_count,pr_count
Afternoon Elliptical,Elliptical,2024-03-24T23:13:41Z,1,65.3,149.7,0.0,0.0,4201,True,164.0,0.0,4201,Elliptical,0,4,0,0
Lunch Run,Run,2024-03-24T18:22:25Z,1,81.9,162.4,3.467,3228.0,938,True,171.0,5.134,931,Run,3.0,2,0,0
Night Run,Run,2024-03-24T05:54:19Z,1,81.2,162.0,3.439,4848.8,1410,True,170.0,4.58,1410,Run,11.0,3,0,0
Afternoon Run,Run,2024-03-23T22:55:15Z,1,82.1,166.6,3.58,8234.6,2356,True,176.0,4.644,2300,Run,24.0,3,0,0
Evening Ride,Ride,2024-03-23T02:55:31Z,1,,161.7,0.0,0.0,1350,True,176.0,0.0,1350,Ride,0,2,0,0
Afternoon Elliptical,Elliptical,2024-03-22T21:50:35Z,1,72.3,158.3,0.0,0.0,2816,True,168.0,0.0,2816,Elliptical,0,2,0,0
Afternoon Ride,Ride,2024-03-22T00:13:00Z,1,,,8.583,10299.8,1200,False,,0,1200,Ride,0,2,0,0
Night Run,Run,2024-03-21T04:44:31Z,1,85.4,169.6,3.419,1576.2,461,True,178.0,3.978,461,Run,0,1,0,0
Night Run,Run,2024-03-21T04:09:24Z,1,88.3,175.1,3.424,4143.4,1554,True,188.0,3.96,1210,Run,0,1,0,0
Evening Run,Run,2024-03-21T03:54:08Z,1,83.7,163.1,3.29,1539.9,468,True,173.0,3.476,468,Run,0,1,0,0
Afternoon Run,Run,2024-03-20T22:22:19Z,1,81.7,168.1,3.147,1614.3,513,True,177.0,3.5,513,Run,0,2,0,0
Afternoon Run,Run,2024-03-20T21:51:47Z,1,87.4,171.0,3.415,4108.6,1418,True,186.0,3.846,1203,Run,0,2,0,0
Afternoon Run,Run,2024-03-20T21:24:14Z,1,85.2,159.9,3.341,1567.1,469,True,172.0,3.504,469,Run,0,2,0,0
Afternoon Ride,Ride,2024-03-19T21:24:43Z,1,,153.0,0.0,0.0,1926,True,165.0,0.0,1926,Ride,0,2,0,0
Evening Run,Run,2024-03-19T02:57:57Z,1,92.6,172.4,3.508,3803.1,1385,True,192.0,4.374,1084,Run,0,2,0,0
Evening Run,Run,2024-03-19T02:35:50Z,1,86.4,161.2,3.381,1639.8,485,True,172.0,3.706,485,Run,0,2,0,0
Afternoon Run,Run,2024-03-18T20:14:15Z,1,86.1,167.7,3.269,1582.3,484,True,178.0,3.898,484,Run,0,2,0,0
Lunch Run,Run,2024-03-18T19:45:29Z,1,90.2,170.2,3.533,4182.8,1408,True,185.0,4.03,1184,Run,0,2,0,0
Lunch Run,Run,2024-03-18T19:28:33Z,1,86.6,161.0,3.431,1609.3,469,True,171.0,4.222,469,Run,0,2,0,0
Evening Ride,Ride,2024-03-18T03:36:42Z,1,,156.6,0.0,0.0,2350,True,169.0,0.0,2350,Ride,0,2,0,0
Afternoon Elliptical,Elliptical,2024-03-17T20:12:14Z,1,45.5,158.6,0.0,0.0,2829,True,167.0,0.0,2829,Elliptical,0,3,0,0
Afternoon Run,Run,2024-03-16T22:07:50Z,1,81.6,171.7,3.492,16106.7,4613,True,179.0,4.79,4613,Run,37.0,6,0,0
Afternoon Run,Run,2024-03-15T22:08:52Z,1,80.7,171.0,3.421,3226.0,943,True,178.0,5.36,943,Run,5.0,4,0,0
Afternoon Run,Run,2024-03-15T21:48:00Z,1,84.8,189.9,4.134,3228.9,781,True,194.0,5.302,781,Run,9.0,5,0,0
Afternoon Run,Run,2024-03-15T21:32:21Z,1,85.2,187.9,4.205,3229.4,768,True,196.0,5.22,768,Run,7.0,4,0,0
Afternoon Run,Run,2024-03-15T21:06:08Z,1,80.2,169.8,3.488,3226.0,925,True,180.0,4.314,925,Run,5.0,3,0,0
Afternoon Elliptical,Elliptical,2024-03-14T20:39:05Z,1,47.2,160.2,0.0,0.0,2750,True,166.0,0.0,2750,Elliptical,0,2,0,0
Afternoon Run,Run,2024-03-13T23:09:29Z,1,,,3.34,2675.5,909,False,,4.45,801,Run,40.6,2,0,0
Afternoon Run,Run,2024-03-13T22:37:23Z,1,85.9,187.6,4.341,4809.5,1249,True,198.0,5.547,1108,Run,0.0,1,0,0
Afternoon Run,Run,2024-03-13T22:04:42Z,1,,,3.463,3774.1,1108,False,,4.872,1090,Run,57.7,2,1,1
Afternoon Elliptical,Elliptical,2024-03-13T00:00:01Z,1,61.6,163.0,0.0,0.0,2154,True,179.0,0.0,2154,Elliptical,0,0,0,0
Evening Run,Run,2024-03-08T04:13:30Z,1,80.5,154.1,3.405,1583.4,472,True,172.0,4.559,465,Run,0.0,0,0,0
Evening Run,Run,2024-03-08T03:12:03Z,1,84.1,167.9,3.943,6415.7,1892,True,183.0,4.718,1627,Run,0.0,0,0,0
Evening Run,Run,2024-03-08T02:42:33Z,1,80.4,164.6,3.486,3204.0,920,True,175.0,4.6,919,Run,0.0,0,0,0
Evening Ride,Ride,2024-03-07T03:47:57Z,1,,110.9,0.0,0.0,1808,True,121.0,0.0,1808,Ride,0,0,0,0
Afternoon Ride,Ride,2024-03-06T21:52:31Z,1,,155.5,0.0,0.0,1902,True,171.0,0.0,1902,Ride,0,0,0,0
Evening Run,Run,2024-03-06T04:38:02Z,1,80.3,159.8,3.354,3072.1,930,True,171.0,4.368,916,Run,0.0,0,0,0
Evening Run,Run,2024-03-06T03:49:19Z,1,82.8,174.9,3.873,8025.6,2334,True,186.0,5.348,2072,Run,0.0,0,0,0
Evening Run,Run,2024-03-06T03:19:58Z,1,79.7,161.1,3.312,3533.8,1089,True,175.0,4.666,1067,Run,1.0,0,0,0
Evening Elliptical,Elliptical,2024-03-05T02:28:52Z,1,72.6,166.3,0.0,0.0,2324,True,177.0,0.0,2324,Elliptical,0,0,0,0
Afternoon Elliptical,Elliptical,2024-03-04T21:32:23Z,1,72.4,171.4,0.0,0.0,2288,True,182.0,0.0,2288,Elliptical,0,0,0,0
Afternoon Run,Run,2024-03-03T23:07:40Z,1,80.6,169.6,3.509,16104.3,4590,True,178.0,6.488,4590,Run,45.0,0,0,0
Evening Elliptical,Elliptical,2024-03-03T02:57:02Z,1,74.3,146.9,0.0,0.0,1643,True,164.0,0.0,1643,Elliptical,0,0,0,0
Evening Ride,Ride,2024-03-03T02:47:33Z,1,,146.7,0.0,0.0,470,True,163.0,0.0,470,Ride,0,0,0,0
Evening Ride,Ride,2024-03-02T02:58:19Z,1,,153.6,0.0,0.0,1853,True,168.0,0.0,1853,Ride,0,0,0,0
Morning Elliptical,Elliptical,2024-03-01T18:34:09Z,1,72.7,157.6,0.0,0.0,2235,True,175.0,0.0,2235,Elliptical,0,0,0,0
Evening Run,Run,2024-03-01T03:09:22Z,2,78.9,154.8,3.243,3207.8,1079,True,170.0,4.192,989,Run,3.0,0,0,0
Evening Run,Run,2024-03-01T02:32:22Z,1,82.8,169.5,3.929,6443.6,1890,True,182.0,5.947,1640,Run,0.0,0,0,0
Evening Run,Run,2024-03-01T02:03:22Z,1,80.5,165.1,3.548,3214.9,906,True,175.0,4.742,906,Run,0.0,0,0,0
Afternoon Elliptical,Elliptical,2024-02-29T00:42:03Z,1,71.4,151.6,0.0,0.0,2416,True,164.0,0.0,2416,Elliptical,0,0,0,0
Evening Run,Run,2024-02-28T04:18:04Z,1,80.9,160.2,3.428,1926.3,562,True,172.0,3.982,562,Run,2.0,0,0,0
Evening Run,Run,2024-02-28T03:37:02Z,1,82.4,175.5,3.864,6600.5,1994,True,189.0,5.084,1708,Run,4.0,0,0,0
Evening Run,Run,2024-02-28T03:08:06Z,2,80.2,162.8,3.526,2986.6,847,True,171.0,5.006,847,Run,0.0,0,0,0
Evening Ride,Ride,2024-02-27T02:52:47Z,1,,158.6,0.0,0.0,1466,True,171.0,0.0,1466,Ride,0,0,0,0
Lunch Run,Run,2024-02-26T20:27:36Z,1,81.0,152.2,3.54,4839.5,1599,True,177.0,4.183,1367,Run,0,0,0,0
Evening Run,Run,2024-02-22T03:15:11Z,1,,,3.3,1610.6,491,False,,4.23,488,Run,0.0,1,0,0
Evening Run,Run,2024-02-22T02:36:00Z,2,,,4.434,4943.5,1655,False,,5.788,1115,Run,0.0,4,0,0
Evening Run,Run,2024-02-22T02:09:38Z,2,,,3.515,3279.4,974,False,,4.478,933,Run,0.0,2,0,0
Afternoon Ride,Ride,2024-02-20T23:09:51Z,1,,,8.718,16093.5,1846,False,,0,1846,Ride,0,2,0,0
Afternoon Ride,Ride,2024-02-20T01:11:00Z,1,,,8.628,40233.7,4663,False,,0,4663,Ride,0,2,0,0
Evening Run,Run,2024-02-19T01:37:56Z,1,,,3.506,6455.0,1860,False,,7.206,1841,Run,10.1,4,0,0
Evening Run,Run,2024-02-18T03:52:23Z,1,,,3.497,4846.5,1415,False,,8.294,1386,Run,7.7,4,0,0
Afternoon Run,Run,2024-02-17T23:10:52Z,1,,,3.522,4828.0,1371,False,,0,1371,Run,0,4,0,0
Evening Run,Run,2024-02-17T04:02:59Z,1,,,3.534,3233.9,1422,False,,5.446,915,Run,0.0,3,0,0
Evening Run,Run,2024-02-17T03:48:48Z,1,,,4.772,820.7,173,False,,5.39,172,Run,0.0,3,0,0
Evening Run,Run,2024-02-17T03:44:45Z,2,,,4.751,821.9,175,False,,6.33,173,Run,0.0,3,0,0
Evening Run,Run,2024-02-17T03:40:39Z,1,,,4.667,802.7,176,False,,5.634,172,Run,0.0,1,0,0
Evening Run,Run,2024-02-17T03:36:37Z,1,,,4.664,820.8,176,False,,6.166,176,Run,0.0,2,0,0
Evening Run,Run,2024-02-17T03:28:23Z,1,,,4.835,831.7,172,False,,6.15,172,Run,0.0,1,0,0
Evening Run,Run,2024-02-17T02:58:29Z,1,,,3.654,3285.1,901,False,,5.228,899,Run,0.0,3,0,0
Evening Run,Run,2024-02-16T02:14:31Z,1,,,3.565,6463.4,1906,False,,5.402,1813,Run,0.0,3,0,0
Evening Run,Run,2024-02-15T03:00:00Z,1,,,4.159,4769.8,1147,False,,0,1147,Run,0,3,0,0
Afternoon Run,Run,2024-02-15T00:58:57Z,1,,,3.488,2414.0,692,False,,0,692,Run,0,3,0,0
Evening Run,Run,2024-02-15T01:45:26Z,1,,,3.601,3244.9,934,False,,4.744,901,Run,0.0,3,0,0
Afternoon Run,Run,2024-02-12T22:24:39Z,1,,,3.435,16115.2,4750,False,,5.14,4691,Run,25.6,2,0,0
Night Run,Run,2024-02-12T04:42:33Z,1,,,3.446,4841.0,1430,False,,5.184,1405,Run,7.4,3,0,0
Lunch Run,Run,2024-02-11T19:00:18Z,1,,,3.491,4845.9,1404,False,,7.392,1388,Run,7.5,3,0,0
Afternoon Run,Run,2024-02-11T01:02:33Z,1,,,3.523,8057.9,2325,False,,5.604,2287,Run,12.2,3,0,0
Night Run,Run,2024-02-10T08:19:18Z,1,,,3.577,6459.7,1854,False,,5.466,1806,Run,10.1,4,0,0
Afternoon Run,Run,2024-02-10T00:16:48Z,1,,,3.58,6454.5,1824,False,,5.15,1803,Run,9.9,4,0,0
Evening Run,Run,2024-02-09T04:01:47Z,1,,,3.345,3231.6,978,False,,4.278,966,Run,0.0,2,0,0
Evening Run,Run,2024-02-09T03:26:29Z,2,,,4.467,4944.7,1264,False,,5.692,1107,Run,0.0,4,0,0
Evening Run,Run,2024-02-09T03:02:56Z,1,,,3.411,3243.6,960,False,,4.974,951,Run,0.0,3,0,0
Afternoon Run,Run,2024-02-07T22:32:35Z,1,,,3.634,6456.9,1799,False,,6.253,1777,Run,10.0,5,0,0
Afternoon Run,Run,2024-01-31T22:51:39Z,1,,,3.395,6453.1,1918,False,,4.876,1901,Run,10.2,3,0,0
Evening Run,Run,2024-01-31T02:53:10Z,1,,,3.381,8098.1,2442,False,,4.852,2395,Run,0.0,3,0,0
Afternoon Run,Run,2024-01-28T23:25:37Z,1,,,3.416,12898.0,3790,False,,5.328,3776,Run,20.7,3,0,0
Afternoon Run,Run,2024-01-27T21:21:45Z,1,,,3.496,8079.2,2334,False,,5.53,2311,Run,12.6,1,0,0
Evening Run,Run,2024-01-27T01:47:51Z,1,,,3.365,3237.2,969,False,,5.762,962,Run,5.5,1,0,0
Afternoon Run,Run,2024-01-27T01:24:09Z,1,,,4.262,3247.3,763,False,,6.458,762,Run,5.1,2,0,0
Afternoon Run,Run,2024-01-27T00:54:15Z,1,,,3.605,3265.8,913,False,,4.846,906,Run,0.0,2,0,0
Afternoon Run,Run,2024-01-25T23:09:38Z,1,,,3.389,9678.7,2876,False,,5.846,2856,Run,12.7,2,0,0
Afternoon Run,Run,2024-01-24T23:01:35Z,1,,,3.43,8069.7,2492,False,,6.272,2353,Run,12.5,3,0,0
Afternoon Run,Run,2024-01-24T00:15:28Z,1,,,3.408,9703.4,2862,False,,6.613,2847,Run,15.0,3,0,0
Afternoon Run,Run,2024-01-19T00:09:44Z,1,,,3.326,8156.2,2466,False,,6.995,2452,Run,12.8,2,0,0
Morning Run,Run,2024-01-17T15:24:19Z,1,,,2.843,8066.6,2904,False,,6.614,2837,Run,13.2,4,0,0
Afternoon Run,Run,2024-01-16T23:05:37Z,1,,,3.473,9671.5,2821,False,,5.73,2785,Run,15.0,3,0,0
Afternoon Run,Run,2024-01-15T22:48:16Z,1,,,3.37,12894.5,3850,False,,5.296,3826,Run,20.0,4,0,0
Afternoon Run,Run,2024-01-14T22:09:54Z,1,,,3.578,6600.5,2011,False,,4.99,1845,Run,92.6,3,4,0
Lunch Run,Run,2024-01-13T20:07:48Z,1,,,3.381,8064.8,2405,False,,5.811,2385,Run,12.4,4,0,0
Afternoon Run,Run,2024-01-11T21:31:31Z,1,,,3.42,8054.8,2368,False,,4.988,2355,Run,12.2,3,0,0
Lunch Run,Run,2024-01-10T19:49:45Z,1,,,3.568,6461.7,1819,False,,5.158,1811,Run,10.1,5,0,0
Afternoon Run,Run,2024-01-09T21:14:40Z,1,,,3.443,9663.3,2950,False,,5.112,2807,Run,14.3,2,0,0
Evening Run,Run,2024-01-09T02:40:15Z,1,,,3.164,1619.9,524,False,,4.28,512,Run,0.0,0,0,0
Afternoon Run,Run,2024-01-07T23:16:44Z,2,,,3.248,12847.3,4205,False,,6.145,3955,Run,23.5,3,0,0
Afternoon Run,Run,2024-01-07T00:40:26Z,1,,,3.295,6658.7,2038,False,,5.08,2021,Run,10.3,7,0,0
Night Run,Run,2023-12-02T09:44:40Z,1,,,3.453,3256.2,965,False,,4.766,943,Run,5.4,0,0,0
Night Run,Run,2023-11-30T07:49:54Z,1,,,3.26,3237.3,997,False,,4.988,993,Run,5.3,3,0,0
Night Run,Run,2023-11-28T09:30:41Z,1,,,3.512,3238.1,958,False,,5.504,922,Run,5.4,0,0,0
Night Run,Run,2023-11-27T08:16:20Z,1,,,3.28,3440.4,1066,False,,5.26,1049,Run,5.5,0,0,0
Night Run,Run,2023-11-22T08:57:34Z,1,,,3.036,3336.2,1113,False,,4.28,1099,Run,5.5,0,0,0
Lunch Run,Run,2023-11-19T19:49:38Z,1,,,2.683,3104.3,1175,False,,7.222,1157,Run,6.4,0,1,0
Evening Run,Run,2023-11-17T02:50:58Z,2,,,3.465,2501.6,1252,False,,5.688,722,Run,0.0,0,0,0
Evening Run,Run,2023-11-15T02:22:54Z,3,,,3.534,2399.6,1271,False,,4.724,679,Run,0.0,0,0,0
Morning Run,Run,2023-11-12T23:10:58Z,1,,,3.35,2840.9,66371,False,,5.046,848,Run,4.2,3,2,1
Afternoon Hike,Hike,2023-11-12T23:09:47Z,1,,,3.383,203.0,60,False,,4.334,60,Hike,0.0,2,0,0
Afternoon Hike,Hike,2023-11-11T17:58:58Z,1,,,0.867,13272.8,19808,False,,2.838,15303,Hike,915.9,6,0,0
Evening Run,Run,2023-10-26T03:37:05Z,1,,,3.429,2493.0,1333,False,,4.994,727,Run,0.0,7,0,0
Evening Run,Run,2023-09-17T03:33:36Z,2,,,2.974,3221.3,1084,False,,3.887,1083,Run,0.0,4,0,0
Evening Run,Run,2023-09-15T02:24:39Z,3,,,3.084,4320.1,1402,False,,4.308,1401,Run,0.0,5,0,0
Night Run,Run,2023-09-14T05:10:08Z,1,,,3.349,4899.7,1484,False,,4.83,1463,Run,0.0,4,0,0
Evening Run,Run,2023-09-13T02:33:55Z,1,,,3.395,4138.8,1232,False,,4.692,1219,Run,0.0,4,0,0
First run post surgery,Run,2023-09-12T01:28:32Z,2,,,3.093,3378.0,1101,False,,4.222,1092,Run,0.0,8,0,0
Evening Run,Run,2023-06-05T00:10:34Z,1,,,3.305,7113.4,2158,False,,6.218,2152,Run,44.5,4,0,0
Evening Run,Run,2023-06-03T21:44:28Z,1,,,3.608,4834.6,1345,False,,6.05,1340,Run,38.6,4,0,0
Night Run,Run,2023-06-03T02:46:51Z,1,,,3.436,6490.0,1896,False,,6.184,1889,Run,55.6,4,0,0
Night Run,Run,2023-06-02T03:20:46Z,1,,,3.362,9711.5,2905,False,,7.262,2889,Run,66.7,6,0,0
Night Run,Run,2023-06-01T04:01:34Z,1,,,3.389,6080.1,1818,False,,5.222,1794,Run,47.0,5,0,0
Night Run,Run,2023-05-31T02:37:32Z,1,,,3.427,8187.7,2426,False,,6.738,2389,Run,59.7,3,0,0
Night Run,Run,2023-05-29T03:02:10Z,1,,,3.584,6433.0,1820,False,,5.588,1795,Run,50.1,4,0,0
Night Run,Run,2023-05-28T01:21:58Z,1,,,3.509,8000.2,2281,False,,6.31,2280,Run,59.0,7,0,0
Evening Run,Run,2023-05-25T21:53:20Z,1,,,3.445,8427.4,2447,False,,9.034,2446,Run,45.7,6,0,0
Evening Run,Run,2023-05-24T22:16:10Z,1,,,3.484,6438.4,1856,False,,9.334,1848,Run,48.8,8,0,0
Afternoon Run,Run,2023-05-17T19:07:04Z,1,,,3.572,8050.9,2279,False,,7.03,2254,Run,47.5,5,2,0
Night Run,Run,2023-05-17T02:17:15Z,1,,,3.443,6473.8,1887,False,,5.424,1880,Run,48.3,7,0,0
Afternoon Run,Run,2023-04-21T21:19:19Z,1,,,3.62,5238.6,1453,False,,4.89,1447,Run,9.2,3,0,0
Afternoon Run,Run,2023-04-21T00:23:15Z,1,,,3.526,1988.4,588,False,,4.676,564,Run,3.5,0,0,0
Lunch Run,Run,2023-04-11T18:44:05Z,1,,,3.474,4905.3,1423,False,,5.02,1412,Run,9.2,5,0,0
Evening Run,Run,2023-04-11T02:36:19Z,2,,,2.784,1637.1,599,False,,3.574,588,Run,0.0,4,0,0
Evening Run,Run,2023-04-11T02:25:20Z,3,,,3.352,1622.3,488,False,,4.585,484,Run,0.0,4,2,1
Evening Run,Run,2023-04-11T02:11:13Z,1,,,3.875,1701.1,445,False,,6.982,439,Run,0.0,4,0,0
Evening Run,Run,2023-04-11T01:22:48Z,1,,,5.008,10145.2,2332,False,,6.636,2026,Run,0.0,8,3,0
Afternoon Run,Run,2023-04-11T00:36:06Z,1,,,3.416,3242.2,1254,False,,5.218,949,Run,0.0,3,1,0
Evening Run,Run,2023-04-09T00:08:49Z,2,,,3.899,21375.9,6841,False,,6.138,5482,Run,35.4,7,4,2
Rest of long run cus phone died,Run,2023-04-08T13:20:00Z,1,,,3.658,1287.5,352,False,,0,352,Run,0,5,0,0
Night Run,Run,2023-04-08T03:56:37Z,1,,,3.443,4885.7,1420,False,,5.084,1419,Run,9.0,3,0,0
Evening Run,Run,2023-04-07T02:39:00Z,1,,,2.899,1765.2,610,False,,4.592,609,Run,0.0,3,0,0
I am the one who knocks ðŸ˜¤,Run,2023-04-07T01:20:08Z,1,,,4.507,18409.2,4088,False,,9.692,4085,Run,0.0,9,4,4
Evening Run,Run,2023-04-07T00:20:05Z,2,,,3.717,3319.1,907,False,,4.966,893,Run,0.0,3,3,1
Evening Run,Run,2023-04-06T02:24:04Z,1,,,3.412,12819.6,3765,False,,4.726,3757,Run,3.6,6,0,0
Afternoon Run,Run,2023-04-05T20:40:50Z,1,,,3.484,6637.3,1910,False,,5.13,1905,Run,11.8,2,0,0
Evening Run,Run,2023-04-05T02:05:10Z,1,,,3.449,3273.2,950,False,,4.992,949,Run,3.5,4,0,0
Evening Run,Run,2023-04-05T01:19:19Z,1,,,4.7,9926.5,2202,False,,5.73,2112,Run,0.0,4,1,0
Evening Run,Run,2023-04-05T00:48:57Z,2,,,3.406,3269.9,1021,False,,5.084,960,Run,0.0,3,0,0
Evening Run,Run,2023-04-04T00:56:54Z,2,,,3.413,12943.9,4851,False,,4.656,3793,Run,0.0,6,0,0
Lunch Run,Run,2023-04-03T18:25:46Z,1,,,3.628,6479.3,1788,False,,5.378,1786,Run,11.9,4,0,0
Afternoon Run,Run,2023-04-01T22:53:00Z,1,,,5.31,3000.0,565,False,,0,565,Run,0,5,0,0
Afternoon Run,Run,2023-04-01T20:23:00Z,1,,,3.353,3218.7,960,False,,0,960,Run,0,2,0,0
Afternoon Run,Run,2023-04-01T22:21:47Z,1,,,3.583,1673.3,472,False,,6.102,467,Run,0.0,3,0,0
Evening Run,Run,2023-04-01T01:54:07Z,1,,,3.513,6468.1,1842,False,,5.32,1841,Run,11.8,4,0,0
Evening Run,Run,2023-03-31T01:04:02Z,1,,,3.485,8237.7,2366,False,,5.62,2364,Run,14.6,5,0,0
Evening Run,Run,2023-03-30T02:52:34Z,2,,,3.346,3302.5,1510,False,,4.897,987,Run,0.0,4,0,0
Evening Run,Run,2023-03-29T01:46:25Z,3,,,3.542,11138.3,3461,False,,4.998,3145,Run,43.9,8,0,0
Night Run,Run,2023-03-28T04:18:16Z,1,,,3.342,1764.5,586,False,,6.056,528,Run,3.3,3,0,0
Night Run,Run,2023-03-28T04:07:52Z,1,,,4.308,1701.8,396,False,,8.018,395,Run,0.0,3,0,0
Night Run,Run,2023-03-28T03:27:56Z,1,,,5.083,8529.1,1939,False,,7.566,1678,Run,0.0,4,4,3
Evening Run,Run,2023-03-28T02:59:59Z,1,,,3.334,1610.2,484,False,,4.684,483,Run,0.0,2,0,0
Evening Run,Run,2023-03-27T03:17:45Z,1,,,3.411,6502.1,1919,False,,4.95,1906,Run,11.7,4,0,0
Afternoon Run,Run,2023-03-26T21:29:59Z,1,,,3.57,12868.0,3611,False,,5.432,3604,Run,23.1,5,0,0
Evening Run,Run,2023-03-24T23:31:49Z,1,,,3.779,22547.0,5970,False,,5.954,5967,Run,37.9,4,4,0
Night Run,Run,2023-03-24T04:27:58Z,1,,,3.373,6476.7,3308,False,,4.682,1920,Run,3.4,5,0,0
Afternoon Run,Run,2023-03-23T23:52:42Z,1,,,3.503,11280.6,3221,False,,4.98,3220,Run,20.3,6,0,0
Night Run,Run,2023-03-23T04:25:56Z,1,,,3.344,1752.5,576,False,,6.373,524,Run,3.5,5,0,0
Night Run,Run,2023-03-23T03:39:41Z,1,,,4.804,8397.5,1767,False,,7.062,1748,Run,0.0,6,1,0
Evening Run,Run,2023-03-23T03:06:23Z,1,,,3.398,3255.6,1023,False,,4.512,958,Run,0.0,5,1,1
Shake out,Run,2023-03-22T03:22:12Z,1,,,3.424,5988.7,1750,False,,5.558,1749,Run,11.7,5,0,0
Lunch Run,Run,2023-03-21T18:07:32Z,1,,,3.575,11264.2,3152,False,,5.97,3151,Run,20.4,6,0,0
Afternoon Run,Run,2023-03-20T21:30:00Z,1,,,3.452,1612.2,468,False,,5.919,467,Run,3.5,4,0,0
Afternoon Run,Run,2023-03-20T20:44:54Z,1,,,4.275,10140.7,2382,False,,6.602,2372,Run,18.0,5,7,0
Afternoon Run,Run,2023-03-20T20:16:42Z,1,,,3.521,3229.0,964,False,,4.828,917,Run,3.8,5,0,0
Night Run,Run,2023-03-20T04:05:59Z,1,,,3.434,6513.7,1898,False,,5.234,1897,Run,12.1,5,0,0
Afternoon Run,Run,2023-03-19T23:07:49Z,1,,,3.566,12889.3,3620,False,,5.51,3615,Run,23.1,4,0,0
Evening Run,Run,2023-03-19T02:40:58Z,1,,,3.388,5295.7,1660,False,,5.068,1563,Run,9.2,5,0,0
Afternoon Run,Run,2023-03-16T23:23:02Z,1,,,3.563,3395.6,956,False,,5.846,953,Run,35.3,7,0,0
Afternoon Run,Run,2023-03-16T23:02:47Z,1,,,3.49,3221.4,930,False,,5.946,923,Run,98.4,7,0,0
Shakeout,Run,2023-03-14T20:25:26Z,1,,,3.484,4852.8,1394,False,,4.732,1393,Run,50.8,5,0,0
Afternoon Run,Run,2023-03-13T23:48:11Z,1,,,3.498,3354.9,1293,False,,5.2,959,Run,17.3,4,0,0
Afternoon Run,Run,2023-03-13T23:08:45Z,1,,,4.736,8216.8,1757,False,,7.045,1735,Run,0.0,4,10,4
Afternoon Run,Run,2023-03-13T22:31:10Z,1,,,3.559,3221.3,919,False,,4.76,905,Run,30.7,4,0,0
Shakeout,Run,2023-03-13T04:26:05Z,1,,,3.423,6527.9,1908,False,,4.864,1907,Run,73.8,5,0,0
Afternoon Run,Run,2023-03-12T21:22:17Z,1,,,3.512,12933.2,3684,False,,5.188,3683,Run,135.5,5,0,0
Afternoon Run,Run,2023-03-10T23:12:05Z,1,,,3.846,22736.8,5978,False,,6.898,5912,Run,135.8,5,9,5
Night Run,Run,2023-03-10T06:14:11Z,1,,,3.517,6590.0,1882,False,,7.751,1874,Run,71.8,4,0,0
Evening Run,Run,2023-03-09T03:41:48Z,1,,,3.14,3234.3,1327,False,,5.14,1030,Run,3.3,3,0,0
Evening Run,Run,2023-03-09T02:53:44Z,2,,,4.933,8380.3,1984,False,,7.456,1699,Run,0.0,4,2,1
Evening Run,Run,2023-03-09T02:04:58Z,2,,,3.305,3513.7,1393,False,,4.858,1063,Run,0.0,4,0,0
Evening Run,Run,2023-03-08T03:49:18Z,1,,,3.525,13460.8,3820,False,,4.838,3819,Run,3.6,6,0,0
Evening Run,Run,2023-03-07T03:25:16Z,1,,,3.368,1912.9,650,False,,4.525,568,Run,3.4,3,0,0
Evening Run,Run,2023-03-07T03:20:02Z,1,,,4.14,848.7,206,False,,7.84,205,Run,0.0,3,0,0
Evening Run,Run,2023-03-07T02:33:59Z,1,,,4.79,10064.0,2233,False,,6.678,2101,Run,0.0,6,5,2
Evening Run,Run,2023-03-07T02:06:13Z,1,,,3.527,1611.7,490,False,,5.188,457,Run,0.0,3,0,0
Evening Run,Run,2023-03-06T04:21:18Z,1,,,3.32,6643.0,2010,False,,5.35,2001,Run,11.9,2,0,0
Afternoon Run,Run,2023-03-05T23:55:20Z,1,,,3.41,12897.4,3787,False,,5.025,3782,Run,23.0,5,0,0
Afternoon Ride,Ride,2023-03-04T23:42:00Z,1,,,7.544,14484.1,1920,False,,0,1920,Ride,0,4,0,0
Afternoon Run,Run,2023-03-04T00:47:00Z,1,,,3.576,2092.2,585,False,,0,585,Run,0,4,0,0
Afternoon Run,Run,2023-03-03T22:37:39Z,2,,,3.785,20561.2,7751,False,,6.792,5433,Run,119.4,5,1,0
Evening Run,Run,2023-03-03T03:48:37Z,1,,,3.343,6445.1,2100,False,,5.06,1928,Run,3.4,3,0,0
Evening Run,Run,2023-03-02T03:51:05Z,4,,,2.675,864.2,324,False,,4.074,323,Run,0.0,2,0,0
Evening Run,Run,2023-03-02T03:03:08Z,2,,,4.17,11449.6,2749,False,,7.558,2746,Run,0.0,5,4,2
Evening Run,Run,2023-03-02T02:24:29Z,2,,,3.239,3258.2,1020,False,,4.18,1006,Run,0.0,4,0,0
Afternoon Run,Run,2023-03-01T00:37:07Z,1,,,3.453,11020.0,3584,False,,5.43,3191,Run,20.6,2,0,0
Shakeout,Run,2023-02-28T19:10:17Z,1,,,3.542,5125.7,1449,False,,5.04,1447,Run,9.0,3,0,0
Evening Run,Run,2023-02-28T03:03:06Z,1,,,3.389,4029.3,1286,False,,5.436,1189,Run,3.4,3,0,0
Evening Run,Run,2023-02-28T02:49:37Z,1,,,4.175,1665.7,404,False,,8.786,399,Run,0.0,2,0,0
Evening Run,Run,2023-02-28T02:33:02Z,1,,,4.791,3368.1,921,False,,6.984,703,Run,0.0,5,0,0
Evening Run,Run,2023-02-28T02:19:20Z,1,,,4.766,3326.4,786,False,,6.36,698,Run,0.0,3,0,0
Evening Run,Run,2023-02-28T01:34:31Z,1,,,3.474,4119.9,1407,False,,5.334,1186,Run,3.4,4,0,0
Shakeout,Run,2023-02-27T04:27:29Z,1,,,3.472,5089.3,1472,False,,4.902,1466,Run,9.1,3,0,0
Afternoon Run,Run,2023-02-26T23:38:00Z,1,,,3.556,11266.9,3169,False,,5.346,3168,Run,20.6,4,0,0
Afternoon Run,Run,2023-02-24T23:24:47Z,1,,,3.857,636.3,166,False,,5.204,165,Run,2.7,2,0,0
Afternoon Run,Run,2023-02-24T22:38:56Z,1,,,3.616,640.0,183,False,,4.773,177,Run,0.0,2,0,0
Evening Run,Run,2023-02-24T03:30:23Z,1,,,3.463,12988.9,3783,False,,5.034,3751,Run,3.5,1,0,0
Afternoon Run,Run,2023-02-23T21:31:11Z,1,,,5.119,3000.0,586,False,,0,586,Run,0,0,0,0
Evening Run,Run,2023-02-23T04:43:06Z,1,,,3.433,1943.0,587,False,,4.536,566,Run,0.0,1,0,0
Evening Run,Run,2023-02-23T03:37:14Z,1,,,3.524,1680.9,478,False,,4.582,477,Run,0.0,2,0,0
Night Run,Run,2023-02-22T04:52:57Z,1,,,3.519,8087.4,2346,False,,5.472,2298,Run,0.0,4,0,0
Evening Run,Run,2023-02-21T01:25:55Z,1,,,3.44,10116.8,2947,False,,5.122,2941,Run,35.0,4,1,0
Afternoon Run,Run,2023-02-18T00:57:38Z,1,,,3.368,8396.0,2600,False,,5.092,2493,Run,87.0,7,0,0
Evening Run,Run,2023-02-17T01:57:54Z,1,,,3.362,3274.5,1020,False,,5.056,974,Run,3.4,3,0,0
Afternoon Run,Run,2023-02-17T01:10:27Z,1,,,4.667,9484.0,2342,False,,8.682,2032,Run,0.0,4,5,2
Afternoon Run,Run,2023-02-17T00:31:51Z,1,,,3.482,3210.6,964,False,,5.294,922,Run,0.0,2,0,0
Night Run,Run,2023-02-16T04:05:02Z,1,,,3.425,12980.1,3837,False,,5.488,3790,Run,0.0,6,0,0
Evening Run,Run,2023-02-15T01:41:15Z,1,,,3.505,11043.2,3192,False,,4.704,3151,Run,3.6,6,0,0
Evening Run,Run,2023-02-14T04:05:36Z,1,,,3.359,3285.1,979,False,,4.498,978,Run,3.4,5,0,0
Evening Run,Run,2023-02-14T03:21:42Z,2,,,4.7,8798.5,1883,False,,7.436,1872,Run,0.0,7,2,2
Evening Run,Run,2023-02-14T02:47:12Z,1,,,3.533,3472.7,985,False,,6.208,983,Run,0.0,4,0,0
Evening Run,Run,2023-02-13T03:30:36Z,1,,,3.442,11411.0,3316,False,,5.054,3315,Run,20.2,3,0,0
Rest of run,Run,2023-02-12T02:37:38Z,1,,,3.424,13679.5,3995,False,,0,3995,Run,0,8,0,0
Evening Run,Run,2023-02-12T00:22:16Z,2,,,3.535,9271.5,8457,False,,5.942,2623,Run,16.0,5,0,0
Evening Run,Run,2023-02-11T01:09:37Z,1,,,3.493,13340.7,3825,False,,5.184,3819,Run,7.7,4,0,0
Night Run,Run,2023-02-10T07:24:46Z,1,,,3.539,8404.0,2381,False,,5.164,2375,Run,3.5,2,0,0
Night Run,Run,2023-02-09T05:01:21Z,1,,,3.372,2819.1,898,False,,4.756,836,Run,0.0,2,0,0
Evening Run,Run,2023-02-09T04:18:40Z,1,,,4.08,8503.7,2086,False,,9.352,2084,Run,0.0,4,3,2
Evening Run,Run,2023-02-09T03:44:59Z,1,,,3.537,3218.6,912,False,,4.755,910,Run,0.0,4,0,0
Evening Run,Run,2023-02-08T02:35:37Z,1,,,3.438,9780.5,2847,False,,4.962,2845,Run,17.4,8,0,0
Night Run,Run,2023-02-07T05:18:35Z,1,,,3.353,804.7,240,False,,0,240,Run,0,2,0,0
Evening Run,Run,2023-02-07T04:30:44Z,1,,,3.487,3215.1,1043,False,,5.404,922,Run,3.5,3,0,0
Evening Run,Run,2023-02-07T04:19:43Z,1,,,4.146,1629.6,413,False,,9.654,393,Run,0.0,3,0,0
Evening Run,Run,2023-02-07T03:51:54Z,1,,,4.716,6390.4,1417,False,,8.442,1355,Run,0.0,4,7,2
Evening Run,Run,2023-02-07T03:45:31Z,1,,,4.478,1218.1,321,False,,6.582,272,Run,0.0,2,0,0
Evening Run,Run,2023-02-07T02:27:13Z,3,,,3.512,3237.9,957,False,,5.128,922,Run,0.0,3,0,0
Night Run,Run,2023-02-06T04:15:15Z,1,,,3.553,11275.7,3188,False,,5.45,3174,Run,20.1,7,0,0
Afternoon Run,Run,2023-02-03T21:01:23Z,1,,,3.426,1610.2,471,False,,5.96,470,Run,3.5,2,0,0
Afternoon Run,Run,2023-02-03T20:46:08Z,1,,,4.568,3229.4,708,False,,7.834,707,Run,2.9,3,1,0
Lunch Run,Run,2023-02-03T20:32:04Z,1,,,4.526,3218.1,717,False,,7.214,711,Run,2.9,4,0,0
Lunch Run,Run,2023-02-03T20:17:42Z,1,,,3.526,1608.1,458,False,,5.426,456,Run,2.7,2,0,0
Evening Run,Run,2023-02-03T00:43:20Z,3,,,3.432,12907.0,4762,False,,4.964,3761,Run,33.8,8,0,0
Night Run,Run,2023-02-02T04:27:43Z,1,,,3.468,9835.1,3649,False,,6.802,2836,Run,3.4,6,0,0
Night Run,Run,2023-02-01T05:08:43Z,1,,,3.458,3239.8,1051,False,,5.022,937,Run,3.5,4,0,0
Night Run,Run,2023-02-01T05:00:46Z,1,,,5.028,1045.7,209,False,,6.17,208,Run,0.0,4,3,1
Evening Run,Run,2023-02-01T04:54:27Z,1,,,4.909,1055.5,216,False,,6.518,215,Run,0.0,4,2,1
Evening Run,Run,2023-02-01T04:48:16Z,1,,,4.945,1058.3,215,False,,6.45,214,Run,0.0,4,2,1
Evening Run,Run,2023-02-01T04:43:22Z,1,,,3.341,360.8,108,False,,4.23,108,Run,0.0,4,0,0
Evening Run,Run,2023-02-01T04:37:15Z,1,,,4.49,1612.0,360,False,,5.648,359,Run,0.0,5,0,0
Evening Run,Run,2023-02-01T04:35:30Z,1,,,3.077,267.7,87,False,,3.932,87,Run,0.0,3,0,0
Evening Run,Run,2023-02-01T04:29:25Z,1,,,4.538,1615.4,359,False,,6.004,356,Run,0.0,5,0,0
Evening Run,Run,2023-02-01T04:27:31Z,2,,,3.322,308.9,95,False,,4.158,93,Run,0.0,3,0,0
Evening Run,Run,2023-02-01T04:21:25Z,1,,,4.471,1613.9,361,False,,6.14,361,Run,0.0,5,1,0
Evening Run,Run,2023-02-01T03:53:17Z,2,,,3.575,3243.0,908,False,,5.508,907,Run,0.0,6,0,0
First run back,Run,2023-01-31T02:14:34Z,1,,,3.595,11326.7,3170,False,,5.136,3151,Run,3.5,7,0,0
Evening Run,Run,2023-01-30T02:08:33Z,1,,,3.317,2186.2,1861,False,,4.642,659,Run,3.4,3,0,0
Sick asf and legs are heavy,Run,2023-01-25T03:45:16Z,1,,,3.511,12893.6,3685,False,,5.236,3672,Run,0.0,7,0,0
Afternoon Run,Run,2023-01-23T20:54:28Z,1,,,3.54,9681.5,2746,False,,5.364,2735,Run,36.3,1,0,0
Shakeout,Run,2023-01-23T03:43:55Z,1,,,3.456,1638.1,480,False,,6.064,474,Run,7.4,2,0,0
Afternoon Run,Run,2023-01-23T00:15:08Z,1,,,3.419,3214.3,1008,False,,5.227,940,Run,18.8,1,0,0
Afternoon Run,Run,2023-01-23T00:02:39Z,1,,,3.839,1531.6,411,False,,7.328,399,Run,0.0,1,0,0
Afternoon Run,Run,2023-01-22T23:42:00Z,1,,,4.508,3236.5,722,False,,6.454,718,Run,0.0,1,2,1
Afternoon Run,Run,2023-01-22T23:27:17Z,1,,,4.494,3226.4,755,False,,7.908,718,Run,0.0,1,0,0
Afternoon Run,Run,2023-01-22T22:53:25Z,1,,,3.452,3231.0,938,False,,5.102,936,Run,17.4,1,1,0
Afternoon Run,Run,2023-01-21T21:00:11Z,1,,,3.473,11266.3,3260,False,,4.96,3244,Run,17.4,2,1,0
Got after it ,Run,2023-01-20T20:26:38Z,1,,,3.631,22754.8,6277,False,,6.653,6267,Run,88.8,6,4,0
Evening Run,Run,2023-01-19T03:46:49Z,1,,,4.983,3218.7,646,False,,0,646,Run,0,3,0,0
Evening Run,Run,2023-01-19T04:09:42Z,1,,,3.442,8098.0,2368,False,,5.236,2353,Run,14.6,5,0,0
Evening Run,Run,2023-01-19T02:41:37Z,1,,,3.815,1644.2,449,False,,4.972,431,Run,0.0,6,0,0
Afternoon Run,Run,2023-01-18T00:24:04Z,1,,,3.582,9659.4,2712,False,,5.366,2697,Run,17.8,7,0,0
Afternoon Run,Run,2023-01-15T23:42:34Z,1,,,3.556,8300.2,2398,False,,6.176,2334,Run,89.1,6,0,0
Afternoon Run,Run,2023-01-14T23:25:36Z,1,,,3.353,2253.1,672,False,,0,672,Run,0,4,0,0
Afternoon Run,Run,2023-01-14T22:03:00Z,1,,,3.314,4251.8,4062,False,,5.163,1283,Run,37.2,5,0,0
Afternoon Run,Run,2023-01-14T21:34:28Z,1,,,4.608,6456.1,1416,False,,6.213,1401,Run,0.0,3,14,5
Afternoon Run,Run,2023-01-14T21:11:16Z,1,,,3.462,3410.4,1023,False,,5.706,985,Run,31.9,3,0,0
Night Run,Run,2023-01-13T04:16:40Z,1,,,3.485,11487.1,3807,False,,6.598,3296,Run,3.4,6,0,0
Evening Run,Run,2023-01-12T03:40:38Z,2,,,3.394,12896.4,3877,False,,5.63,3800,Run,20.7,5,0,0
Night Run,Run,2023-01-11T04:56:45Z,1,,,3.665,6447.2,1764,False,,6.386,1759,Run,12.0,4,0,0
Afternoon Run,Run,2023-01-10T23:58:00Z,1,,,3.518,12874.8,3660,False,,0,3660,Run,0,1,0,0
California runs>,Run,2023-01-08T23:26:45Z,1,,,3.957,16097.5,8267,False,,9.38,4068,Run,205.9,6,8,6
Evening Run,Run,2023-01-08T01:18:36Z,1,,,3.513,11304.5,3408,False,,5.034,3218,Run,132.5,4,0,0
Lunch Run,Run,2023-01-06T20:02:43Z,1,,,3.43,8046.7,2346,False,,0,2346,Run,0,2,0,0
Lunch Run,Run,2023-01-06T20:02:00Z,1,,,3.471,8046.7,2318,False,,0,2318,Run,0,2,0,0
Lunch Run,Run,2023-01-05T17:03:00Z,1,,,3.433,6437.4,1875,False,,0,1875,Run,0,0,0,0
Lunch Run,Run,2023-01-05T16:01:00Z,1,,,3.475,12874.8,3705,False,,0,3705,Run,0,2,0,0
Afternoon Run,Run,2023-01-04T20:25:44Z,1,,,3.522,2532.5,877,False,,5.136,719,Run,5.2,3,0,0
Afternoon Run,Run,2023-01-04T20:21:44Z,1,,,5.121,809.1,193,False,,5.992,158,Run,0.0,2,1,0
Afternoon Run,Run,2023-01-04T20:14:20Z,1,,,3.255,774.6,241,False,,4.082,238,Run,3.0,3,0,0
Afternoon Run,Run,2023-01-04T20:10:45Z,1,,,5.113,807.9,158,False,,6.584,158,Run,0.0,1,0,0
Afternoon Run,Run,2023-01-04T20:05:22Z,1,,,3.362,773.2,233,False,,4.844,230,Run,3.0,2,0,0
Afternoon Run,Run,2023-01-04T20:02:00Z,1,,,5.412,811.9,151,False,,6.4,150,Run,0.0,1,3,0
Afternoon Run,Run,2023-01-04T19:56:40Z,1,,,3.374,779.4,234,False,,4.472,231,Run,3.0,2,0,0
Afternoon Run,Run,2023-01-04T19:53:16Z,1,,,5.422,807.9,155,False,,6.378,149,Run,0.0,2,3,1
Afternoon Run,Run,2023-01-04T19:30:44Z,1,,,3.471,3200.0,978,False,,4.94,922,Run,30.7,2,0,0
Lunch Run,Run,2023-01-03T17:13:00Z,1,,,3.472,11265.4,3245,False,,0,3245,Run,0,4,0,0
Afternoon Run,Run,2023-01-01T20:49:00Z,1,,,3.424,19312.2,5640,False,,0,5640,Run,0,3,0,0
Night Run,Run,2023-01-01T03:38:36Z,1,,,3.388,8046.7,2375,False,,0,2375,Run,0,5,0,0
Afternoon Run,Run,2022-12-31T19:46:12Z,1,,,3.632,8164.1,2460,False,,7.324,2248,Run,45.0,5,3,1
Afternoon Run,Run,2022-12-30T21:13:30Z,1,,,3.476,11485.3,3394,False,,6.39,3304,Run,59.9,5,3,0
Afternoon Run,Run,2022-12-29T22:18:00Z,1,,,3.461,12874.8,3720,False,,0,3720,Run,0,4,0,0
Afternoon Run,Run,2022-12-28T20:42:00Z,1,,,3.353,3218.7,960,False,,0,960,Run,0,3,0,0
Afternoon Run,Run,2022-12-28T20:39:00Z,1,,,3.353,3218.7,960,False,,0,960,Run,0,3,0,0
7X 800s,Run,2022-12-28T20:23:36Z,1,,,5.364,5632.7,1050,False,,0,1050,Run,0,3,0,0
Afternoon Run,Run,2022-12-27T21:44:00Z,1,,,3.476,16093.5,4630,False,,0,4630,Run,0,3,0,0
Afternoon Run,Run,2022-12-25T18:50:00Z,1,,,3.483,11265.4,3234,False,,0,3234,Run,0,1,0,0
Morning Run,Run,2022-12-22T15:19:00Z,1,,,3.4,19312.2,5680,False,,0,5680,Run,0,5,0,0
Evening Run,Run,2022-12-22T00:23:00Z,1,,,5.364,4828.0,900,False,,0,900,Run,0,5,0,0
Evening Run,Run,2022-12-22T00:17:00Z,1,,,3.353,3218.7,960,False,,0,960,Run,0,2,0,0
Evening Run,Run,2022-12-21T23:59:00Z,1,,,3.353,3218.7,960,False,,0,960,Run,0,2,0,0
Evening Run,Run,2022-12-20T23:25:00Z,1,,,3.461,11265.4,3255,False,,0,3255,Run,0,4,0,0
Evening Run,Run,2022-12-19T00:20:00Z,1,,,3.446,16093.5,4670,False,,0,4670,Run,0,3,0,0
Evening Run,Run,2022-12-18T00:21:00Z,1,,,3.461,11265.4,3255,False,,0,3255,Run,0,1,0,0
Evening Run,Run,2022-12-17T00:22:00Z,1,,,3.439,11265.4,3276,False,,0,3276,Run,0,1,0,0
Evening Run,Run,2022-12-16T00:24:00Z,1,,,3.353,8046.7,2400,False,,0,2400,Run,0,0,0,0
Evening Run,Run,2022-12-15T00:25:00Z,1,,,3.431,6437.4,1876,False,,0,1876,Run,0,0,0,0
Lunch Run,Run,2022-12-06T20:15:38Z,1,,,3.622,8315.1,2301,False,,5.327,2296,Run,89.2,6,3,0
Afternoon Run,Run,2022-12-05T23:57:53Z,1,,,3.542,11270.8,3187,False,,6.728,3182,Run,119.0,7,0,0
Afternoon Run,Run,2022-12-04T22:14:37Z,1,,,3.534,12929.7,3661,False,,5.856,3659,Run,135.9,10,0,0
Afternoon Run,Run,2022-12-03T21:22:23Z,1,,,3.684,11309.0,3072,False,,6.378,3070,Run,116.8,7,2,0
Afternoon Run,Run,2022-11-23T23:47:30Z,1,,,3.493,12903.2,3710,False,,5.142,3694,Run,136.3,8,0,0
Afternoon Run,Run,2022-11-23T00:22:54Z,1,,,3.471,12931.3,3748,False,,5.358,3725,Run,137.6,6,2,0
Afternoon Run,Run,2022-11-21T23:03:49Z,1,,,3.766,11325.2,3036,False,,6.026,3007,Run,116.9,8,4,2
Afternoon Run,Run,2022-11-20T21:38:28Z,1,,,3.693,8321.0,2255,False,,6.342,2253,Run,89.5,9,1,0
Lunch Run,Run,2022-11-16T20:13:57Z,1,,,3.68,9655.2,2626,False,,5.776,2624,Run,18.1,4,0,0
Morning Run,Run,2022-11-14T19:46:46Z,1,,,3.67,14020.3,82859,False,,5.342,3820,Run,23.4,6,0,0
Afternoon Run,Run,2022-11-13T21:15:43Z,1,,,3.783,9665.7,2579,False,,7.052,2555,Run,18.1,0,5,0
Afternoon Run,Run,2022-11-12T21:17:08Z,1,,,3.388,12874.8,3800,False,,0,3800,Run,0,6,0,0
Lunch Run,Run,2022-11-11T18:05:30Z,1,,,3.705,7983.3,9769,False,,6.084,2155,Run,23.7,8,0,0
Afternoon Run,Run,2022-11-10T21:42:52Z,1,,,4.01,9717.2,2442,False,,6.826,2423,Run,18.1,8,14,1
Lunch Run,Run,2022-11-09T20:49:00Z,1,,,3.353,12874.8,3840,False,,0,3840,Run,0,6,0,0
Afternoon Run,Run,2022-11-06T21:09:24Z,1,,,3.612,4774.9,9028,False,,4.944,1322,Run,47.3,5,1,0
Lunch Run,Run,2022-11-05T19:23:23Z,1,,,3.645,6455.0,1785,False,,5.438,1771,Run,67.0,6,1,0
Afternoon Run,Run,2022-11-03T23:45:45Z,1,,,3.735,8183.3,2230,False,,5.106,2191,Run,86.0,0,4,2
Evening Run,Run,2022-11-02T02:33:09Z,1,,,3.731,8125.8,2247,False,,5.354,2178,Run,3.3,0,0,0
Evening Run,Run,2022-11-01T02:22:15Z,1,,,3.245,3381.4,1047,False,,5.892,1042,Run,3.4,0,0,0
"29,32,30, 32 5 min break 31,31,32,30 200s with jog in between ",Run,2022-11-01T01:47:00Z,1,,,3.911,3246.0,1276,False,,8.816,830,Run,0.0,0,1,0
Evening Run,Run,2022-11-01T01:23:30Z,1,,,3.695,3340.2,910,False,,4.858,904,Run,0.0,0,0,0
Evening Run,Run,2022-10-31T03:22:15Z,1,,,3.538,6567.4,79239,False,,8.17,1856,Run,11.1,0,0,0
Afternoon Run,Run,2022-10-30T21:09:47Z,1,,,3.687,3229.5,877,False,,5.068,876,Run,6.1,4,0,0
Evening Run,Run,2022-10-30T02:04:18Z,1,,,3.654,4833.6,1335,False,,5.92,1323,Run,8.6,5,0,0
Evening Run,Run,2022-10-29T00:20:14Z,1,,,4.03,10071.1,2505,False,,6.688,2499,Run,16.4,0,3,1
Night Run,Run,2022-10-28T05:13:07Z,1,,,3.357,6455.3,1954,False,,4.904,1923,Run,11.3,0,0,0
Evening Run,Run,2022-10-27T01:50:50Z,1,,,3.205,2391.0,760,False,,5.826,746,Run,3.3,0,0,0
Evening Run,Run,2022-10-27T01:34:51Z,2,,,4.032,1568.3,427,False,,8.238,389,Run,0.0,0,2,1
"31,33,32,32",Run,2022-10-27T01:22:22Z,2,,,4.108,1610.4,420,False,,8.112,392,Run,0.0,0,3,1
Evening Run,Run,2022-10-27T01:07:04Z,1,,,3.571,2510.2,704,False,,5.018,703,Run,0.0,6,3,1
Afternoon Run,Run,2022-10-21T20:54:09Z,1,,,3.405,12934.8,3803,False,,5.238,3799,Run,135.5,3,2,0
Evening Run,Run,2022-10-21T02:47:12Z,1,,,3.38,8175.2,2420,False,,4.814,2419,Run,3.4,6,1,1
Afternoon Run,Run,2022-10-20T21:28:53Z,1,,,3.383,8270.8,2450,False,,5.68,2445,Run,13.8,4,0,0
Evening Run,Run,2022-10-20T01:26:13Z,1,,,3.274,12917.8,4268,False,,5.69,3946,Run,3.4,6,3,1
Night Run,Run,2022-10-19T03:41:54Z,1,,,3.328,8067.0,2425,False,,5.61,2424,Run,14.4,5,0,0
Afternoon Run,Run,2022-10-18T22:46:00Z,1,,,3.353,8046.7,2400,False,,0,2400,Run,0,5,0,0
Evening Run,Run,2022-10-18T01:52:00Z,1,,,3.717,8046.7,2165,False,,0,2165,Run,0,6,0,0
Afternoon Run,Run,2022-10-16T21:40:54Z,1,,,3.742,22564.5,6052,False,,6.4,6030,Run,243.2,7,19,13
Afternoon Run,Run,2022-10-14T21:14:38Z,1,,,3.501,12947.0,3712,False,,6.13,3698,Run,135.3,4,5,1
Evening Run,Run,2022-10-14T01:38:32Z,1,,,3.436,6462.3,1882,False,,6.588,1881,Run,72.6,0,1,0
Afternoon Run,Run,2022-10-13T20:18:08Z,1,,,3.569,8048.6,2256,False,,6.305,2255,Run,85.8,0,1,0
Afternoon Run,Run,2022-10-12T22:14:32Z,1,,,3.51,11278.1,3215,False,,5.482,3213,Run,116.6,5,4,0
Afternoon Run,Run,2022-10-11T23:28:03Z,1,,,3.828,6442.1,1685,False,,6.19,1683,Run,12.1,5,8,1
Morning Run,Run,2022-10-11T16:35:58Z,1,,,3.541,6437.9,1834,False,,8.544,1818,Run,12.1,3,6,0
Evening Run,Run,2022-10-11T02:05:53Z,1,,,3.353,6437.4,1920,False,,0,1920,Run,0,0,0,0
Afternoon Run,Run,2022-10-09T19:41:43Z,4,,,3.356,24263.5,7850,False,,6.144,7230,Run,153.9,6,1,0
Afternoon Run,Run,2022-10-01T19:26:04Z,1,,,3.565,17719.5,4981,False,,5.828,4970,Run,208.0,7,7,5
Afternoon Run,Run,2022-09-30T20:32:14Z,1,,,3.647,8053.3,2264,False,,5.122,2208,Run,13.1,5,4,2
Night Run,Run,2022-09-30T04:22:54Z,1,,,3.611,5632.7,1560,False,,0,1560,Run,0,4,0,0
Night Run,Run,2022-09-30T04:37:40Z,1,,,3.209,651.4,204,False,,5.128,203,Run,2.4,4,0,0
Afternoon Run,Run,2022-09-29T22:49:20Z,1,,,3.532,6442.7,1837,False,,6.072,1824,Run,12.1,4,6,1
Evening Run,Run,2022-09-29T01:04:00Z,1,,,3.156,3379.6,1071,False,,0,1071,Run,0,3,0,0
Evening Run,Run,2022-09-29T01:04:17Z,4,,,3.154,1643.1,521,False,,4.141,521,Run,2.8,4,0,0
Afternoon Run,Run,2022-09-29T00:59:21Z,2,,,5.407,405.5,75,False,,6.352,75,Run,0.0,4,1,0
Afternoon Run,Run,2022-09-29T00:56:53Z,1,,,9.445,340.0,36,False,,7.716,36,Run,0.0,4,0,0
Afternoon Run,Run,2022-09-29T00:53:00Z,1,,,5.01,330.6,66,False,,7.381,66,Run,0.0,4,0,0
Afternoon Run,Run,2022-09-29T00:49:26Z,2,,,5.073,365.2,72,False,,7.841,72,Run,0.0,4,0,0
Afternoon Trail Run,Run,2022-09-29T00:46:38Z,1,,,13.132,315.2,24,False,,6.237,24,TrailRun,0.0,4,0,0
Afternoon Run,Run,2022-09-29T00:42:21Z,1,,,5.152,376.1,73,False,,6.082,73,Run,0.0,4,1,0
Afternoon Run,Run,2022-09-29T00:38:56Z,1,,,5.377,376.4,70,False,,6.234,70,Run,0.0,4,0,0
Afternoon Run,Run,2022-09-29T00:35:29Z,1,,,5.426,374.4,69,False,,6.475,69,Run,0.0,4,0,0
Afternoon Run,Run,2022-09-29T00:17:32Z,1,,,3.889,1812.2,515,False,,7.624,466,Run,0.0,4,2,1
Evening Run,Run,2022-09-28T03:44:46Z,1,,,3.353,8046.7,2400,False,,0,2400,Run,0,3,0,0
Afternoon Run,Run,2022-09-27T21:04:41Z,1,,,3.525,8120.6,2342,False,,5.58,2304,Run,13.1,2,2,0
Evening Run,Run,2022-09-27T01:14:01Z,3,,,3.56,11150.4,3166,False,,5.501,3132,Run,21.3,5,10,4
Lunch Run,Run,2022-09-24T19:58:16Z,1,,,3.391,19339.5,5704,False,,4.873,5704,Run,212.9,9,1,0
Night Run,Run,2022-09-24T06:01:49Z,1,,,3.19,8076.2,2537,False,,5.105,2532,Run,54.4,3,0,0
Afternoon Run,Run,2022-09-23T00:00:08Z,1,,,3.591,8133.4,2339,False,,5.382,2265,Run,13.1,3,7,2
Evening Run,Run,2022-09-22T01:07:38Z,1,,,3.19,4855.9,1940,False,,4.68,1522,Run,7.5,3,0,0
Afternoon Run,Run,2022-09-22T00:35:52Z,3,,,4.794,4842.1,1010,False,,8.446,1010,Run,9.5,3,8,4
Afternoon Run,Run,2022-09-22T00:11:42Z,4,,,3.406,1614.3,566,False,,6.249,474,Run,2.5,3,0,0
Afternoon Run,Run,2022-09-20T20:41:14Z,1,,,3.571,11282.2,3269,False,,5.289,3159,Run,17.4,6,5,3
Evening Run,Run,2022-09-20T01:23:13Z,7,,,3.567,9841.5,3026,False,,4.915,2759,Run,42.6,6,0,0
Afternoon Run,Run,2022-09-17T21:28:00Z,1,,,3.36,16093.5,4790,False,,0,4790,Run,0,7,0,0
Afternoon Run,Run,2022-09-16T22:02:26Z,1,,,3.421,6579.3,1988,False,,5.259,1923,Run,11.1,2,0,0
Afternoon Run,Run,2022-09-15T21:29:23Z,1,,,3.428,9663.1,2985,False,,5.193,2819,Run,14.1,4,0,0
Lunch Run,Run,2022-09-14T18:55:37Z,1,,,3.545,11316.2,3477,False,,5.341,3192,Run,17.6,3,3,0
Afternoon Run,Run,2022-09-13T20:37:23Z,1,,,3.427,9435.1,2903,False,,5.254,2753,Run,14.1,3,2,0
Afternoon Run,Run,2022-09-12T23:28:59Z,1,,,3.325,8069.6,2515,False,,4.806,2427,Run,10.5,6,1,0
Evening Run,Run,2022-09-11T01:56:53Z,1,,,3.603,3862.8,1106,False,,6.126,1072,Run,23.3,0,2,1
Afternoon Run,Run,2022-09-04T22:43:53Z,1,,,3.322,16093.5,4844,False,,0,4844,Run,0,0,0,0
Morning Run,Run,2022-09-02T14:00:00Z,1,,,3.419,6437.4,1883,False,,0,1883,Run,0,0,0,0
Afternoon Run,Run,2022-09-01T23:40:00Z,1,,,3.447,9656.1,2801,False,,0,2801,Run,0,0,0,0
Afternoon Run,Run,2022-08-31T23:39:00Z,1,,,3.48,9656.1,2775,False,,0,2775,Run,0,0,0,0
Evening Walk,Walk,2022-09-01T02:13:01Z,1,,,1.16,1744.8,2889,False,,2.288,1504,Walk,3.6,3,0,0
Afternoon Run,Run,2022-08-30T23:30:42Z,1,,,3.363,5000.6,1505,False,,4.488,1487,Run,7.1,5,1,0
Afternoon Run,Run,2022-08-30T00:25:27Z,1,,,3.57,8082.2,2373,False,,5.304,2264,Run,10.4,5,3,1
Afternoon Run,Run,2022-08-27T21:52:44Z,1,,,3.451,13143.8,3822,False,,5.338,3809,Run,16.7,5,4,0
Afternoon Run,Run,2022-08-26T22:00:09Z,1,,,3.37,8051.9,2425,False,,4.94,2389,Run,10.3,0,3,0
Morning Run,Run,2022-08-26T16:40:50Z,1,,,3.608,8046.7,2230,False,,0,2230,Run,0,0,0,0
Morning Run,Run,2022-08-26T16:39:03Z,1,,,3.41,8046.7,2360,False,,0,2360,Run,0,0,0,0
Afternoon Run,Run,2022-08-23T23:41:53Z,1,,,3.467,6628.2,1913,False,,5.058,1912,Run,10.5,0,4,0
6,Run,2022-08-22T17:09:10Z,1,,,3.57,12932.0,3622,False,,6.032,3622,Run,17.6,6,11,5
5,Run,2022-08-20T13:08:15Z,1,,,3.89,9154.0,2514,False,,6.472,2353,Run,17.0,5,2,1
4,Run,2022-08-19T13:26:33Z,1,,,3.753,11248.0,3138,False,,6.286,2997,Run,12.9,5,1,0
#3,Run,2022-08-17T14:56:22Z,1,,,3.473,5344.6,1560,False,,6.178,1539,Run,19.6,4,0,0
#2,Run,2022-08-17T01:23:29Z,1,,,3.472,3433.4,1000,False,,4.88,989,Run,13.7,6,0,0
First cali run,Run,2022-08-16T17:55:45Z,1,,,3.469,6583.3,26830,False,,5.666,1898,Run,98.3,9,0,0
Afternoon Run,Run,2022-08-07T20:34:14Z,1,,,4.05,4961.0,1457,False,,6.086,1225,Run,33.8,0,1,0
Lunch Run,Run,2022-08-06T15:04:00Z,1,,,3.518,8137.4,2487,False,,6.03,2313,Run,42.7,0,5,1
Morning Run,Run,2022-08-06T14:44:29Z,1,,,3.453,1650.6,480,False,,4.442,478,Run,0.0,0,0,0
Afternoon Run,Run,2022-08-04T17:21:44Z,1,,,3.551,5067.0,1481,False,,6.218,1427,Run,33.8,0,0,0
Lunch Run,Run,2022-08-04T16:46:29Z,1,,,3.514,1665.7,476,False,,4.61,474,Run,0.0,0,0,0
Afternoon Run,Run,2022-08-02T19:09:12Z,1,,,3.601,11113.4,3268,False,,5.85,3086,Run,51.9,0,4,4
Afternoon Run,Run,2022-08-02T18:51:45Z,1,,,3.805,1693.1,447,False,,4.884,445,Run,0.0,0,0,0
Evening Run,Run,2022-08-02T00:19:01Z,1,,,3.567,5018.8,1575,False,,5.58,1407,Run,33.7,0,0,0
Evening Run,Run,2022-08-01T22:20:54Z,1,,,3.461,1661.5,482,False,,4.636,480,Run,0.0,0,0,0
Afternoon Run,Run,2022-07-31T18:29:35Z,1,,,3.581,8071.8,2377,False,,5.162,2254,Run,53.2,0,0,0
Afternoon Run,Run,2022-07-31T18:12:41Z,1,,,3.574,1626.1,463,False,,5.832,455,Run,0.0,0,0,0
Afternoon Run,Run,2022-07-30T16:57:15Z,1,,,3.667,5023.2,1511,False,,5.716,1370,Run,33.8,0,0,0
Lunch Run,Run,2022-07-30T16:35:13Z,1,,,3.604,1661.3,462,False,,4.532,461,Run,0.0,0,0,0
Afternoon Run,Run,2022-07-29T16:51:25Z,1,,,3.715,6687.3,1966,False,,6.102,1800,Run,46.6,0,0,0
Lunch Run,Run,2022-07-29T16:33:45Z,1,,,3.583,1648.4,468,False,,4.81,460,Run,0.0,0,0,0
Lunch Run,Run,2022-07-28T15:43:14Z,1,,,3.633,5027.5,1558,False,,6.46,1384,Run,33.8,0,0,0
Lunch Run,Run,2022-07-28T15:26:53Z,1,,,3.532,1607.2,470,False,,4.788,455,Run,0.0,0,0,0
Morning Run,Run,2022-07-25T12:37:46Z,1,,,3.242,9168.6,2983,False,,4.99,2828,Run,8.7,0,0,0
Night Run,Run,2022-07-23T03:55:51Z,1,,,3.752,5800.5,1635,False,,6.378,1546,Run,33.8,0,0,0
Night Run,Run,2022-07-21T01:54:44Z,1,,,3.623,5021.8,1486,False,,5.608,1386,Run,33.9,0,0,0
Night Run,Run,2022-07-21T01:38:12Z,1,,,3.646,1637.1,455,False,,4.848,449,Run,0.0,0,0,0
Night Run,Run,2022-07-19T17:22:00Z,1,,,3.77,2299.9,116129,False,,6.588,610,Run,18.2,0,0,0
Evening Run,Run,2022-07-16T23:05:43Z,1,,,3.321,5389.4,1640,False,,7.06,1623,Run,0.0,0,1,0
Evening Run,Run,2022-07-15T23:30:51Z,1,,,3.251,6332.3,1959,False,,6.332,1948,Run,0.0,0,2,2
Evening Run,Run,2022-07-14T23:48:46Z,1,,,3.165,5653.1,1797,False,,5.35,1786,Run,0.0,0,1,0
Evening Run,Run,2022-07-13T23:44:43Z,1,,,3.188,6802.3,2344,False,,5.506,2134,Run,0.0,0,0,0
Afternoon Run,Run,2022-07-12T17:03:16Z,1,,,3.574,4895.9,1400,False,,4.838,1370,Run,0.0,0,0,0
Evening Run,Run,2022-07-08T23:39:53Z,1,,,3.459,11449.7,3386,False,,5.264,3310,Run,44.8,0,5,0
Evening Run,Run,2022-07-08T23:19:21Z,1,,,3.423,1636.2,503,False,,5.194,478,Run,0.0,0,0,0
Afternoon Run,Run,2022-07-07T18:34:07Z,1,,,3.677,4728.8,1419,False,,6.274,1286,Run,30.7,0,0,0
Afternoon Run,Run,2022-07-07T18:11:11Z,1,,,3.464,1662.5,482,False,,5.082,480,Run,0.0,0,0,0
Evening Run,Run,2022-07-06T22:09:33Z,1,,,3.496,6292.2,2028,False,,5.28,1800,Run,42.1,0,0,0
Evening Run,Run,2022-07-06T00:08:10Z,1,,,5.875,646.2,303,False,,9.78,110,Run,0.0,0,0,0
Evening Run,Run,2022-07-05T23:29:57Z,1,,,3.516,6614.4,2094,False,,6.864,1881,Run,46.6,0,0,0
Evening Run,Run,2022-07-05T22:55:28Z,1,,,3.662,1648.0,452,False,,5.462,450,Run,0.0,0,0,0
Afternoon Run,Run,2022-07-04T18:17:50Z,1,,,3.713,6389.8,1845,False,,6.654,1721,Run,42.5,0,0,0
Afternoon Run,Run,2022-07-04T17:57:46Z,1,,,3.611,1657.4,461,False,,5.14,459,Run,0.0,0,0,0
Evening Run,Run,2022-07-03T23:20:21Z,1,,,3.685,5015.8,1478,False,,5.932,1361,Run,33.8,0,0,0
Evening Run,Run,2022-07-03T22:57:35Z,1,,,3.692,1668.8,453,False,,4.974,452,Run,0.0,2,0,0
Night Run,Run,2022-07-01T23:53:45Z,1,,,3.482,10915.0,3995,False,,5.952,3135,Run,45.4,0,3,2
Evening Run,Run,2022-07-01T23:35:32Z,1,,,3.601,1641.9,484,False,,5.326,456,Run,0.0,0,0,0
Evening Run,Run,2022-07-01T00:00:53Z,1,,,3.609,6225.2,1913,False,,5.828,1725,Run,42.1,0,0,0
Evening Run,Run,2022-06-30T23:44:06Z,1,,,3.426,1568.9,465,False,,4.896,458,Run,0.0,0,0,0
Afternoon Run,Run,2022-06-29T19:09:41Z,1,,,3.462,5064.6,1610,False,,5.886,1463,Run,33.7,0,0,0
Afternoon Run,Run,2022-06-28T19:02:08Z,1,,,3.584,5018.2,1506,False,,6.178,1400,Run,33.8,0,0,0
Afternoon Run,Run,2022-06-28T18:35:36Z,1,,,3.59,1629.7,464,False,,4.36,454,Run,0.0,0,0,0
Afternoon Run,Run,2022-06-27T17:56:12Z,1,,,3.559,8252.3,2495,False,,5.824,2319,Run,55.3,0,0,0
Afternoon Run,Run,2022-06-27T17:33:50Z,1,,,3.73,1645.0,442,False,,4.882,441,Run,0.0,0,0,0
Afternoon Run,Run,2022-06-26T17:41:34Z,1,,,3.642,6293.2,1831,False,,6.52,1728,Run,42.2,0,0,0
Evening Run,Run,2022-06-24T23:37:40Z,1,,,3.607,4832.8,1502,False,,6.998,1340,Run,33.9,0,0,0
Afternoon Run,Run,2022-06-24T17:34:07Z,1,,,3.576,4762.7,1399,False,,5.31,1332,Run,30.8,0,0,0
Afternoon Run,Run,2022-06-24T17:11:03Z,1,,,3.598,1637.0,459,False,,5.134,455,Run,0.0,0,0,0
Night Run,Run,2022-06-24T00:59:43Z,1,,,3.458,7769.9,2323,False,,5.252,2247,Run,50.7,0,0,0
Evening Run,Run,2022-06-24T00:41:13Z,1,,,3.62,1679.5,471,False,,5.746,464,Run,0.0,0,0,0
Afternoon Run,Run,2022-06-22T17:51:43Z,1,,,3.545,5036.8,1556,False,,6.376,1421,Run,33.0,0,0,0
Lunch Run,Run,2022-06-21T16:23:11Z,1,,,3.475,6323.9,1922,False,,7.124,1820,Run,42.3,0,0,0
Lunch Run,Run,2022-06-21T15:44:13Z,1,,,3.449,1659.1,485,False,,4.462,481,Run,0.0,0,0,0
Lunch Run,Run,2022-06-20T16:16:40Z,1,,,3.461,5025.3,1542,False,,6.256,1452,Run,33.7,0,0,0
Lunch Run,Run,2022-06-20T15:53:21Z,1,,,3.425,1657.8,486,False,,4.986,484,Run,0.0,0,0,0
Afternoon Run,Run,2022-06-19T17:50:21Z,1,,,3.619,6677.7,2315,False,,7.744,1845,Run,46.8,0,0,0
Afternoon Run,Run,2022-06-19T17:19:42Z,1,,,3.558,1654.5,467,False,,4.502,465,Run,0.0,0,0,0
Lunch Run,Run,2022-06-17T15:01:12Z,1,,,3.535,9912.8,2978,False,,6.71,2804,Run,59.9,0,1,0
Morning Run,Run,2022-06-17T14:42:24Z,1,,,3.509,1652.8,472,False,,4.636,471,Run,0.0,0,0,0
Evening Run,Run,2022-06-15T23:51:25Z,1,,,3.574,7996.1,2371,False,,7.238,2237,Run,51.0,0,0,0
Evening Run,Run,2022-06-14T22:40:21Z,1,,,3.518,9588.7,2945,False,,5.99,2726,Run,62.6,0,0,0
Evening Run,Run,2022-06-13T23:05:56Z,1,,,3.567,4980.2,1540,False,,7.102,1396,Run,33.6,0,0,0
Afternoon Run,Run,2022-06-12T17:05:14Z,1,,,3.681,4965.5,1448,False,,7.456,1349,Run,33.5,0,0,0
Lunch Run,Run,2022-06-12T16:44:52Z,1,,,3.651,1701.6,468,False,,5.882,466,Run,0.0,0,0,0
Afternoon Run,Run,2022-06-11T17:42:28Z,1,,,3.51,6363.4,1985,False,,6.524,1813,Run,42.5,0,0,0
Afternoon Run,Run,2022-06-11T17:21:44Z,1,,,3.46,1643.6,477,False,,5.512,475,Run,0.0,0,0,0
Night Run,Run,2022-06-09T00:56:36Z,1,,,3.487,6343.0,2018,False,,7.012,1819,Run,42.5,0,0,0
Afternoon Run,Run,2022-06-07T19:59:47Z,2,,,3.414,4902.1,1495,False,,5.692,1436,Run,30.6,7,1,0
Afternoon Run,Run,2022-06-07T19:37:34Z,1,,,3.526,1738.2,507,False,,4.448,493,Run,11.7,4,0,0
Afternoon Run,Run,2022-06-06T19:55:16Z,1,,,3.759,3217.8,873,False,,5.886,856,Run,23.0,6,0,0
Afternoon Run,Run,2022-06-06T19:34:59Z,2,,,3.235,1873.2,724,False,,4.752,579,Run,19.5,0,0,0
Morning Run,Run,2022-06-04T12:51:51Z,4,,,3.291,6571.7,2076,False,,7.17,1997,Run,39.4,0,1,0
Afternoon Run,Run,2022-06-03T19:55:56Z,2,,,3.249,5471.0,1768,False,,6.21,1684,Run,33.5,0,1,1
Afternoon Run,Run,2022-05-22T17:15:06Z,1,,,3.604,6317.4,1856,False,,6.548,1753,Run,42.2,0,0,0
Afternoon Run,Run,2022-05-19T19:39:26Z,1,,,3.991,2027.6,574,False,,6.332,508,Run,10.7,0,0,0
Afternoon Run,Run,2022-05-19T19:24:41Z,1,,,3.629,2990.7,848,False,,5.386,824,Run,23.2,0,0,0
Afternoon Run,Run,2022-05-18T19:58:52Z,1,,,3.725,5010.1,1406,False,,6.202,1345,Run,33.7,0,0,0
Afternoon Run,Run,2022-05-17T20:52:39Z,1,,,3.661,5011.5,1454,False,,6.094,1369,Run,33.7,0,0,0
Afternoon Run,Run,2022-05-16T20:16:58Z,1,,,3.642,5033.2,1513,False,,5.894,1382,Run,33.8,0,0,0
Afternoon Run,Run,2022-05-15T20:00:08Z,1,,,3.524,5035.1,1547,False,,5.726,1429,Run,33.7,0,0,0
Afternoon Run,Run,2022-05-14T19:25:57Z,1,,,3.635,5015.7,1489,False,,6.992,1380,Run,33.6,0,0,0
Afternoon Run,Run,2022-04-30T19:04:02Z,1,,,3.877,5040.4,1398,False,,6.512,1300,Run,33.6,0,1,0
Evening Run,Run,2022-04-18T22:45:19Z,1,,,3.528,6178.0,1874,False,,6.632,1751,Run,42.1,0,0,0
Afternoon Run,Run,2022-04-16T17:52:58Z,1,,,3.634,8492.3,2524,False,,9.446,2337,Run,57.4,0,0,0
Afternoon Run,Run,2022-04-15T20:20:28Z,1,,,3.753,8177.7,2372,False,,9.838,2179,Run,54.5,0,0,0
Afternoon Run,Run,2022-04-14T20:11:43Z,1,,,3.641,6296.0,1826,False,,9.136,1729,Run,42.2,0,0,0
Afternoon Ride,Ride,2022-04-13T20:33:47Z,1,,,4.579,9163.1,2147,False,,9.194,2001,Ride,73.4,0,5,4
Afternoon Run,Run,2022-04-13T18:56:04Z,1,,,3.607,5078.9,1512,False,,8.406,1408,Run,32.4,0,0,0
Afternoon Run,Run,2022-04-12T20:30:23Z,1,,,3.756,4987.9,1477,False,,5.618,1328,Run,33.8,0,0,0
Afternoon Ride,Ride,2022-04-12T18:30:13Z,1,,,4.521,18290.7,4176,False,,11.552,4046,Ride,120.1,0,3,3
Afternoon Run,Run,2022-03-16T20:57:33Z,1,,,3.476,5311.0,1626,False,,5.708,1528,Run,37.7,0,0,0
Afternoon Run,Run,2022-03-15T20:03:25Z,1,,,3.549,6892.8,2017,False,,5.4,1942,Run,48.4,0,0,0
Afternoon Run,Run,2022-03-14T19:46:24Z,1,,,3.488,8046.5,2349,False,,5.516,2307,Run,51.0,0,0,0
Morning Run,Run,2022-02-21T15:48:01Z,1,,,3.591,3217.5,915,False,,5.01,896,Run,68.1,0,0,0
Morning Run,Run,2022-02-20T15:26:51Z,1,,,3.836,1668.7,774,False,,6.58,435,Run,0.0,0,0,0
Morning Run,Run,2022-01-25T15:07:33Z,1,,,3.686,4769.2,1428,False,,7.154,1294,Run,31.7,0,0,0
Lunch Run,Run,2022-01-23T17:07:18Z,1,,,3.545,1623.5,470,False,,4.634,458,Run,0.0,0,0,0
Lunch Run,Run,2022-01-23T16:41:35Z,1,,,3.885,1655.2,436,False,,5.515,426,Run,0.0,0,0,0
Afternoon Run,Run,2021-12-30T19:07:12Z,1,,,3.515,4994.6,1607,False,,5.636,1421,Run,22.8,0,0,0
Afternoon Run,Run,2021-12-07T21:04:13Z,1,,,4.771,1493.2,341,False,,6.71,313,Run,11.2,0,1,0
Afternoon Run,Run,2021-12-07T20:42:15Z,1,,,3.469,1620.0,497,False,,4.65,467,Run,11.5,3,0,0
Afternoon Run,Run,2021-12-01T21:06:50Z,1,,,4.108,5615.5,1671,False,,7.628,1367,Run,43.6,4,0,0
Afternoon Run,Run,2021-11-28T22:02:40Z,1,,,3.51,20921.5,5960,False,,0,5960,Run,0,0,0,0
Lunch Run,Run,2021-11-27T16:41:33Z,1,,,3.853,1687.5,562,False,,7.02,438,Run,4.0,5,0,0
Afternoon Run,Run,2021-11-26T18:56:55Z,2,,,3.49,11289.7,3472,False,,6.238,3235,Run,82.8,7,2,2
Afternoon Run,Run,2021-11-21T19:23:30Z,1,,,3.582,14802.8,4337,False,,6.394,4132,Run,94.0,0,0,0
Afternoon Run,Run,2021-11-21T19:07:32Z,1,,,3.845,1630.1,438,False,,5.064,424,Run,0.0,0,0,0
Afternoon Run,Run,2021-11-18T21:51:35Z,2,,,3.599,9746.3,2989,False,,8.04,2708,Run,74.6,7,1,1
Evening Run,Run,2021-11-14T23:40:46Z,1,,,3.526,16093.5,4564,False,,0,4564,Run,0,0,0,0
Evening Run,Run,2021-10-26T00:51:17Z,1,,,3.347,6497.3,2033,False,,5.66,1941,Run,41.9,0,0,0
Morning Run,Run,2021-10-24T14:31:42Z,1,,,3.486,12554.7,3832,False,,5.449,3601,Run,79.9,8,2,0
Night Run,Run,2021-10-24T01:34:34Z,1,,,3.463,5045.4,1565,False,,6.112,1457,Run,33.5,0,0,0
Evening Run,Run,2021-10-22T23:58:11Z,1,,,3.351,6242.6,2002,False,,5.898,1863,Run,41.8,0,0,0
Evening Run,Run,2021-10-22T23:14:32Z,1,,,3.371,1634.8,491,False,,6.004,485,Run,0.0,0,0,0
Afternoon Run,Run,2021-10-20T19:34:45Z,1,,,3.495,10152.5,2932,False,,6.468,2905,Run,74.9,5,0,0
Evening Run,Run,2021-10-19T00:29:21Z,1,,,3.303,6708.5,2169,False,,4.8,2031,Run,47.1,5,0,0
Morning Run,Run,2021-10-17T14:41:47Z,1,,,3.723,15617.4,4200,False,,7.5,4195,Run,97.0,7,4,3
Evening Run,Run,2021-10-15T22:33:48Z,1,,,3.445,6197.0,1977,False,,5.3,1799,Run,41.6,6,0,0
Evening Run,Run,2021-10-15T22:17:51Z,1,,,3.613,1618.7,448,False,,4.8,448,Run,0.0,3,0,0
Night Ride,Ride,2021-10-15T01:27:57Z,1,,,0.0,0.0,1210,False,,0.0,1210,Ride,0,4,0,0
Night Run,Run,2021-10-14T02:52:42Z,1,,,3.583,13281.3,3761,False,,6.3,3707,Run,75.2,7,3,1
Evening Run,Run,2021-10-13T00:07:58Z,1,,,3.497,2342.7,727,False,,5.3,670,Run,11.1,0,1,1
Evening Run,Run,2021-10-12T23:59:38Z,1,,,4.913,1626.1,336,False,,9.5,331,Run,0.0,0,2,1
Evening Run,Run,2021-10-12T23:51:16Z,1,,,4.916,1661.6,339,False,,6.8,338,Run,0.0,0,2,1
Evening Run,Run,2021-10-12T23:42:57Z,1,,,4.922,1629.1,334,False,,7.6,331,Run,0.0,0,3,1
Evening Run,Run,2021-10-12T23:34:27Z,1,,,4.85,1658.6,343,False,,6.1,342,Run,0.0,0,1,0
Evening Run,Run,2021-10-12T23:18:38Z,1,,,3.547,2195.6,811,False,,5.3,619,Run,11.9,0,0,0
Morning Run,Run,2021-10-11T13:12:18Z,4,,,3.522,11104.6,3257,False,,5.3,3153,Run,69.2,2,3,2
Night Run,Run,2021-10-11T01:23:31Z,1,,,3.634,4923.9,1420,False,,6.3,1355,Run,33.2,5,0,0
Afternoon Run,Run,2021-10-10T19:14:52Z,2,,,3.476,14113.3,4353,False,,5.4,4060,Run,75.2,11,4,1
Afternoon Ride,Ride,2021-10-09T20:45:22Z,1,,,0.0,0.0,1232,False,,0.0,1232,Ride,0,4,0,0
Evening Run,Run,2021-10-09T00:51:15Z,1,,,3.631,4917.0,1432,False,,5.6,1354,Run,33.2,7,0,0
Evening Run,Run,2021-10-09T00:23:23Z,1,,,3.618,1613.8,454,False,,5.0,446,Run,0.0,0,0,0
Evening Run,Run,2021-10-02T23:00:27Z,1,,,3.348,6581.5,2076,False,,5.5,1966,Run,46.6,0,0,0
Evening Run,Run,2021-10-02T22:39:08Z,1,,,3.483,1640.5,624,False,,6.9,471,Run,0.0,0,0,0
Evening Run,Run,2021-10-02T00:57:00Z,1,,,3.732,4956.2,1490,False,,5.9,1328,Run,33.4,0,0,0
Evening Run,Run,2021-10-02T00:36:40Z,1,,,3.665,1653.0,552,False,,5.0,451,Run,0.0,0,0,0
Evening Run,Run,2021-10-01T00:15:21Z,1,,,3.793,6486.3,1943,False,,5.5,1710,Run,41.5,0,0,0
Evening Run,Run,2021-09-30T23:54:55Z,1,,,3.793,1653.6,439,False,,4.9,436,Run,0.0,0,0,0
Afternoon Run,Run,2021-09-29T20:07:41Z,2,,,3.264,9690.1,3213,False,,7.3,2969,Run,47.8,0,0,0
Evening Run,Run,2021-09-28T22:21:22Z,1,,,3.969,12137.9,3228,False,,6.6,3058,Run,66.7,0,5,4
Evening Run,Run,2021-09-28T22:03:52Z,1,,,3.823,1674.5,442,False,,5.1,438,Run,0.0,0,0,0
Evening Run,Run,2021-09-28T00:04:24Z,1,,,3.527,7763.0,2328,False,,5.2,2201,Run,50.2,0,0,0
Evening Run,Run,2021-09-27T23:45:45Z,1,,,3.427,1672.6,491,False,,4.4,488,Run,0.0,0,0,0
Morning Run,Run,2021-09-26T13:42:14Z,3,,,3.521,14997.9,4717,False,,8.1,4260,Run,95.4,6,0,0
Evening Run,Run,2021-09-26T00:18:23Z,1,,,3.237,4995.1,1665,False,,5.8,1543,Run,33.5,0,0,0
Evening Run,Run,2021-09-21T00:29:12Z,1,,,3.48,11349.9,3421,False,,5.6,3261,Run,69.8,0,1,0
Evening Run,Run,2021-09-20T23:51:43Z,1,,,3.221,1668.7,519,False,,4.0,518,Run,0.0,0,0,0
Evening Run,Run,2021-09-19T23:10:47Z,1,,,3.094,5043.8,1862,False,,5.9,1630,Run,33.3,0,0,0
Evening Run,Run,2021-09-19T22:53:45Z,1,,,3.158,1702.0,541,False,,8.0,539,Run,0.0,0,0,0
Evening Run,Run,2021-09-17T23:34:12Z,1,,,3.386,5045.8,1815,False,,5.3,1490,Run,33.4,0,0,0
Evening Run,Run,2021-09-17T23:06:02Z,1,,,3.451,1649.4,485,False,,4.5,478,Run,0.0,0,0,0
Evening Run,Run,2021-09-16T22:42:10Z,1,,,3.783,8061.0,2279,False,,5.1,2131,Run,58.6,0,0,0
Evening Run,Run,2021-09-16T22:15:36Z,1,,,3.472,1611.2,631,False,,5.3,464,Run,0.0,0,0,0
Evening Run,Run,2021-09-13T23:42:11Z,1,,,3.369,1640.8,503,False,,4.6,487,Run,0.0,0,0,0
Evening Run,Run,2021-09-13T23:21:06Z,1,,,3.362,1657.7,500,False,,5.0,493,Run,0.0,0,0,0
Afternoon Run,Run,2021-09-07T19:41:55Z,2,,,3.827,10547.7,3212,False,,7.3,2756,Run,50.3,0,1,0
Morning Run,Run,2021-09-06T11:13:26Z,2,,,3.702,9999.9,2751,False,,7.2,2701,Run,67.2,0,1,1
Evening Run,Run,2021-09-05T22:13:39Z,1,,,3.461,14510.1,4531,False,,5.9,4192,Run,50.5,0,0,0
Afternoon Run,Run,2021-09-05T21:56:18Z,1,,,3.504,1625.7,479,False,,5.1,464,Run,0.0,0,0,0
Morning Run,Run,2021-09-01T14:58:39Z,1,,,3.527,3018.9,1010,False,,5.9,856,Run,19.4,0,0,0
Morning Run,Run,2021-09-01T14:42:13Z,1,,,3.433,1603.4,477,False,,5.0,467,Run,0.0,0,0,0
Night Run,Run,2021-09-01T01:37:41Z,1,,,4.341,7011.5,3273,False,,6.4,1615,Run,45.4,0,0,0
Night Run,Run,2021-09-01T01:18:54Z,1,,,3.288,1686.5,516,False,,4.8,513,Run,0.0,0,0,0
Evening Run,Run,2021-08-16T22:30:23Z,1,,,3.541,6543.8,1959,False,,10.0,1848,Run,41.9,0,0,0
Evening Run,Run,2021-08-16T22:14:07Z,1,,,3.526,1625.3,469,False,,4.7,461,Run,0.0,0,0,0
Evening Run,Run,2021-08-12T22:48:50Z,1,,,3.612,4951.8,1472,False,,6.1,1371,Run,33.2,0,0,0
Evening Run,Run,2021-08-12T22:37:27Z,1,,,3.915,1605.3,424,False,,5.4,410,Run,0.0,0,0,0
Night Run,Run,2021-08-06T02:52:20Z,1,,,3.217,1676.1,524,False,,4.8,521,Run,0.0,0,0,0
Night Run,Run,2021-08-06T02:21:09Z,1,,,3.462,5027.4,1623,False,,8.8,1452,Run,33.0,0,0,0
Night Run,Run,2021-08-06T01:59:30Z,1,,,3.199,1647.3,522,False,,4.8,515,Run,0.0,0,0,0
Evening Run,Run,2021-08-05T00:34:16Z,1,,,3.193,2407.3,772,False,,4.5,754,Run,33.0,0,0,0
Evening Run,Run,2021-08-05T00:18:58Z,1,,,2.844,824.9,294,False,,3.6,290,Run,0.0,0,0,0
Evening Run,Run,2021-08-03T22:54:00Z,1,,,3.223,2671.6,1624,False,,7.8,829,Run,18.1,0,0,0
Evening Run,Run,2021-08-03T22:36:26Z,1,,,2.988,1679.1,573,False,,4.9,562,Run,0.0,0,0,0
Evening Ride,Ride,2021-07-25T23:18:07Z,1,,,6.667,5000.0,750,False,,0,750,Ride,0,0,0,0
Afternoon Run,Run,2021-07-25T17:19:35Z,1,,,6.884,12392.0,1800,False,,0,1800,Run,0,0,0,0
Lunch Ride,Ride,2021-07-25T16:51:34Z,1,,,6.596,10000.0,1516,False,,0,1516,Ride,0,0,0,0
Lunch Run,Run,2021-07-22T16:53:17Z,1,,,5.208,4828.0,927,False,,0,927,Run,0,0,0,0
Lunch Run,Run,2021-07-22T16:52:05Z,1,,,3.367,3218.7,956,False,,0,956,Run,0,0,0,0
Night Ride,Ride,2021-07-22T01:22:00Z,1,,,7.153,19312.2,2700,False,,0,2700,Ride,0,0,0,0
The road to 14:59 part 23,Run,2021-07-21T04:56:27Z,1,,,3.417,6437.4,1884,False,,0,1884,Run,0,0,0,0
The roa,Run,2021-07-20T00:30:14Z,1,,,3.761,5126.5,1499,False,,5.5,1363,Run,33.3,0,0,0
"The road to 14:59, part 22 w1",Run,2021-07-18T12:11:14Z,1,,,3.432,4632.6,1381,False,,6.3,1350,Run,23.1,0,0,0
"Bucks he road to 14:59, part 21 workout",Run,2021-07-17T23:28:48Z,1,,,3.339,5281.9,1857,False,,4.9,1582,Run,23.4,0,0,0
"The road to 14:59, part 21 warm up",Run,2021-07-17T22:39:33Z,1,,,3.416,1632.7,496,False,,4.9,478,Run,0.0,0,0,0
"The road r the p 14:59, part 20",Run,2021-07-14T00:24:54Z,1,,,3.394,4995.4,4578,False,,6.6,1472,Run,32.9,0,0,0
"The road to 14:59, part 19 workout",Run,2021-07-12T22:37:12Z,1,,,3.412,5053.2,1655,False,,5.7,1481,Run,34.3,0,0,0
Warm up p2,Run,2021-07-12T22:27:54Z,1,,,3.075,310.6,127,False,,4.2,101,Run,0.0,0,0,0
"The road to 14;59, part 19 warm up",Run,2021-07-12T22:17:17Z,1,,,3.505,1367.0,396,False,,5.1,390,Run,5.6,0,0,0
"The road to 14:59, part 18 cool down",Run,2021-07-11T21:31:47Z,1,,,3.476,1710.1,500,False,,5.7,492,Run,0.0,0,0,0
"The road to 14:59, part 18 workout 1",Run,2021-07-11T20:58:44Z,1,,,3.534,4757.1,1505,False,,7.0,1346,Run,30.3,0,0,0
"The road to 14:59, part 18 warm up",Run,2021-07-11T20:41:53Z,1,,,3.75,1635.2,444,False,,4.9,436,Run,0.0,0,0,0
"The road to 14:59, part 17 cool down",Run,2021-07-10T23:39:13Z,1,,,3.225,1654.6,521,False,,5.3,513,Run,0.0,0,0,0
"The road to 14:59, part 17 workout",Run,2021-07-10T22:46:53Z,1,,,3.544,8164.8,2378,False,,6.4,2304,Run,53.6,0,1,0
"The road to 14:59, part 17 warm up",Run,2021-07-10T22:28:27Z,1,,,3.749,1672.1,462,False,,6.3,446,Run,0.0,0,0,0
"The road to 14:59, part 16",Run,2021-07-09T06:33:08Z,1,,,4.087,4319.6,1243,False,,7.0,1057,Run,0.0,0,0,0
"The road to 14:59, part 15",Run,2021-07-07T23:26:53Z,1,,,3.582,10598.5,3322,False,,7.8,2959,Run,81.6,0,2,1
"The road to 14:59, part 14",Run,2021-07-06T22:29:35Z,1,,,3.473,2576.6,920,False,,7.0,742,Run,15.2,0,0,0
"The road to 14:59, part 13",Run,2021-07-06T00:37:58Z,1,,,3.368,12977.3,3974,False,,5.3,3853,Run,36.0,0,0,0
"The road to 14:59, part 12",Run,2021-07-03T23:54:27Z,1,,,3.483,6801.9,2087,False,,6.2,1953,Run,47.4,0,1,1
"The road to 14:59, part 11",Run,2021-07-01T11:25:00Z,1,,,3.632,8000.7,2383,False,,7.9,2203,Run,48.9,0,0,0
"The road to 14:59, part 10",Run,2021-07-01T00:38:22Z,1,,,3.252,5333.0,1882,False,,5.7,1640,Run,40.8,0,1,1
"The road to 14:59, part 9",Run,2021-06-30T00:37:44Z,1,,,3.48,5018.6,1514,False,,11.4,1442,Run,33.0,0,0,0
"The road to 14:59, part 8",Run,2021-06-17T04:09:03Z,1,,,3.433,4730.4,1517,False,,5.6,1378,Run,30.3,0,0,0
"The road to 14:59, part 7",Run,2021-06-17T00:39:52Z,1,,,3.483,4750.8,1572,False,,5.5,1364,Run,30.3,0,0,0
"The road to 14:59, part 6",Run,2021-06-16T01:39:51Z,1,,,3.509,4541.0,1502,False,,5.3,1294,Run,28.5,0,0,0
"The road to 14:59, part 5",Run,2021-06-15T23:13:01Z,1,,,3.492,4668.6,1511,False,,7.5,1337,Run,30.3,0,0,0
"The road to 14:59, part 4",Run,2021-06-15T00:17:26Z,1,,,3.446,5010.3,1558,False,,5.6,1454,Run,33.3,0,0,0
"The road to 14:59, part 3",Run,2021-06-14T23:41:29Z,1,,,3.353,4601.0,1498,False,,5.7,1372,Run,30.4,0,0,0
"The road to 14:59, part 2",Run,2021-06-13T01:34:30Z,1,,,3.324,4417.9,1448,False,,7.0,1329,Run,26.0,0,0,0
"The road to 14:59, part 1",Run,2021-06-12T21:34:35Z,1,,,3.285,4790.1,1582,False,,5.3,1458,Run,30.3,0,0,0
Evening Run,Run,2021-06-09T22:02:17Z,1,,,3.517,4576.0,1432,False,,7.5,1301,Run,28.3,0,0,0
Evening Run,Run,2021-06-03T22:08:32Z,1,,,3.393,3657.5,1111,False,,5.7,1078,Run,49.4,0,0,0
Afternoon Run,Run,2021-06-01T20:06:39Z,1,,,3.459,3597.8,1062,False,,4.5,1040,Run,25.3,3,0,0
Lunch Run,Run,2021-05-29T16:02:31Z,4,,,3.334,1846.8,560,False,,4.9,554,Run,0.0,0,0,0
Afternoon Run,Run,2021-05-18T20:13:56Z,1,,,3.944,958.3,695,False,,5.4,243,Run,5.6,0,0,0
Afternoon Run,Run,2021-05-18T19:23:56Z,3,,,3.866,1565.7,417,False,,4.7,405,Run,11.3,0,0,0
Afternoon Run,Run,2021-05-17T19:49:23Z,4,,,3.573,6538.8,1910,False,,5.6,1830,Run,32.4,0,0,0
Afternoon Run,Run,2021-05-17T19:24:28Z,3,,,3.842,1602.1,428,False,,5.3,417,Run,11.2,0,0,0
Evening Run,Run,2021-05-14T22:23:16Z,1,,,3.476,4512.0,1491,False,,7.5,1298,Run,23.3,0,0,0
Afternoon Run,Run,2021-05-14T21:41:49Z,1,,,3.561,2400.3,689,False,,6.2,674,Run,33.1,0,0,0
Evening Run,Run,2021-05-14T00:03:38Z,1,,,3.391,1247.9,376,False,,4.9,368,Run,16.5,0,0,0
Evening Run,Run,2021-05-13T23:24:00Z,1,,,4.369,7681.5,1966,False,,6.8,1758,Run,46.2,0,2,1
Evening Run,Run,2021-05-13T22:50:20Z,1,,,3.149,2468.7,793,False,,4.3,784,Run,33.0,0,0,0
Afternoon Run,Run,2021-05-12T19:43:06Z,1,,,3.29,8189.5,4847,False,,5.7,2489,Run,56.5,0,2,1
Afternoon Run,Run,2021-05-12T19:12:13Z,1,,,3.422,2949.9,1013,False,,5.8,862,Run,19.8,0,0,0
Lunch Run,Run,2021-05-12T15:38:47Z,1,,,3.576,4828.0,1350,False,,0,1350,Run,0,0,0,0
Evening Run,Run,2021-05-11T22:41:26Z,1,,,3.379,3091.6,1005,False,,4.7,915,Run,16.3,0,0,0
Evening Run,Run,2021-05-11T22:35:14Z,1,,,5.53,1609.4,291,False,,0,291,Run,0,0,0,0
Evening Ride,Ride,2021-05-11T22:25:34Z,1,,,8.583,7724.9,900,False,,0,900,Ride,0,0,0,0
Afternoon Run,Run,2021-05-06T20:03:57Z,1,,,3.995,9800.2,2635,False,,11.3,2453,Run,65.3,2,2,0
Afternoon Run,Run,2021-05-04T19:44:31Z,3,,,3.396,4860.0,1561,False,,13.9,1431,Run,35.2,3,0,0
Afternoon Run,Run,2021-04-29T17:07:29Z,1,,,3.752,4506.2,1201,False,,0,1201,Run,0,0,0,0
Evening Ride,Ride,2021-04-27T22:20:00Z,1,,,8.941,5364.5,600,False,,0,600,Ride,0,0,0,0
Afternoon Ride,Ride,2021-04-25T20:29:51Z,1,,,6.916,16093.5,2327,False,,0,2327,Ride,0,0,0,0
Afternoon Run,Run,2021-04-24T18:18:37Z,1,,,3.42,11335.0,3368,False,,6.3,3314,Run,63.5,1,2,1
Afternoon Run,Run,2021-04-23T19:44:46Z,3,,,3.53,8116.6,2379,False,,6.9,2299,Run,49.0,1,1,0
Afternoon Run,Run,2021-04-22T19:45:20Z,3,,,3.897,6960.9,1911,False,,7.2,1786,Run,47.6,3,4,0
Afternoon Run,Run,2021-04-19T20:46:16Z,1,,,5.482,246.7,112,False,,9.1,45,Run,0.0,2,0,0
Afternoon Run,Run,2021-04-19T20:13:52Z,3,,,3.559,6063.9,1783,False,,6.8,1704,Run,34.2,4,0,0
Afternoon Run,Run,2021-04-19T19:56:30Z,1,,,3.557,565.6,175,False,,5.3,159,Run,2.3,1,0,0
Evening Ride,Ride,2021-04-15T23:28:07Z,1,,,5.532,5310.9,960,False,,0,960,Ride,0,0,0,0
Evening Run,Run,2021-04-14T23:06:39Z,1,,,3.846,4830.3,1381,False,,5.5,1256,Run,32.8,0,0,0
Afternoon Run,Run,2021-04-13T20:26:44Z,1,,,3.481,4862.8,1552,False,,5.7,1397,Run,31.5,0,0,0
Morning Run,Run,2021-04-13T11:23:18Z,1,,,3.787,4881.9,1360,False,,5.9,1289,Run,32.2,1,1,0
Lunch Ride,Ride,2021-04-12T16:19:12Z,1,,,8.238,6920.2,840,False,,0,840,Ride,0,0,0,0
Afternoon Ride,Ride,2021-04-11T21:39:13Z,1,,,7.451,20116.8,2700,False,,0,2700,Ride,0,0,0,0
Afternoon Run,Run,2021-04-10T19:28:19Z,1,,,3.468,11318.8,3402,False,,5.6,3264,Run,79.0,1,1,0
Afternoon Run,Run,2021-04-06T21:06:20Z,1,,,4.692,797.7,171,False,,6.1,170,Run,0.0,0,0,0
Afternoon Run,Run,2021-04-06T20:58:42Z,1,,,5.058,819.4,162,False,,8.2,162,Run,0.0,0,1,0
Afternoon Run,Run,2021-04-06T20:51:12Z,1,,,3.36,829.8,254,False,,6.2,247,Run,0.0,0,0,0
Afternoon Run,Run,2021-04-05T18:35:23Z,1,,,3.503,8038.9,2357,False,,7.6,2295,Run,54.6,0,0,0
Afternoon Run,Run,2021-03-30T17:37:38Z,1,,,3.665,5010.3,1410,False,,7.8,1367,Run,38.8,0,2,1
Afternoon Run,Run,2021-01-13T20:40:12Z,1,,,3.424,6352.2,1937,False,,7.3,1855,Run,66.1,4,0,0
Afternoon Run,Run,2021-01-08T20:17:14Z,4,,,3.279,8241.3,2701,False,,4.7,2513,Run,54.8,4,0,0
Afternoon Run,Run,2021-01-06T20:30:33Z,3,,,3.293,6454.3,2052,False,,4.1,1960,Run,44.7,4,0,0
Afternoon Run,Run,2021-01-05T20:26:47Z,3,,,3.277,6450.1,2112,False,,4.8,1968,Run,39.3,3,0,0
Afternoon Run,Run,2021-01-01T21:07:51Z,1,,,5.882,335.3,58,False,,7.2,57,Run,0.0,3,1,1
Afternoon Run,Run,2021-01-01T20:55:44Z,1,,,4.829,608.4,128,False,,6.0,126,Run,18.2,3,1,1
Afternoon Run,Run,2021-01-01T20:44:09Z,1,,,5.105,806.6,178,False,,7.6,158,Run,0.0,3,2,1
Morning Run,Run,2020-12-13T15:21:35Z,1,,,3.633,5773.6,1755,False,,5.3,1589,Run,32.4,4,0,0
Morning Run,Run,2020-12-06T14:19:46Z,3,,,3.29,11518.7,3501,False,,6.2,3501,Run,70.6,3,0,0
Afternoon Run,Run,2020-12-03T20:16:31Z,3,,,3.161,8046.0,2649,False,,4.4,2545,Run,58.7,2,0,0
Afternoon Run,Run,2020-12-02T20:09:17Z,2,,,3.917,6122.4,3832,False,,5.6,1563,Run,46.6,3,1,1
Evening Run,Run,2020-11-20T23:47:34Z,1,,,3.521,5865.6,1725,False,,9.1,1666,Run,82.3,4,0,0
Morning Run,Run,2020-11-15T14:19:02Z,3,,,3.259,14499.0,4596,False,,5.2,4449,Run,87.9,4,2,0
Lunch Run,Run,2020-11-14T17:31:08Z,1,,,3.852,5778.5,2406,False,,5.9,1500,Run,32.5,2,0,0
Afternoon Run,Run,2020-11-09T20:57:52Z,5,,,3.506,9150.0,3012,False,,9.1,2610,Run,47.9,0,0,0
Afternoon Run,Run,2020-11-08T21:21:25Z,1,,,4.486,4158.8,963,False,,6.0,927,Run,24.4,2,2,1
Afternoon Ride,Ride,2020-11-08T21:18:37Z,1,,,3.759,492.4,131,False,,4.7,131,Ride,4.9,0,0,0
Afternoon Ride,Ride,2020-11-07T20:06:59Z,3,,,4.642,8921.7,1970,False,,9.3,1922,Ride,54.6,3,0,0
Afternoon Run,Run,2020-11-04T20:58:38Z,4,,,3.201,1946.1,2167,False,,7.3,608,Run,8.2,2,0,0
Afternoon Run,Run,2020-10-30T19:23:33Z,2,,,3.435,7240.4,3560,False,,7.8,2108,Run,48.0,1,0,0
Afternoon Run,Run,2020-10-28T19:57:58Z,2,,,3.635,7974.9,2339,False,,6.5,2194,Run,60.7,2,1,1
Afternoon Run,Run,2020-10-23T19:46:19Z,4,,,3.217,6590.9,2228,False,,4.6,2049,Run,44.8,2,0,0
Morning Run,Run,2020-10-23T11:09:25Z,1,,,3.327,4232.0,1309,False,,5.4,1272,Run,28.4,2,1,0
Afternoon Run,Run,2020-10-21T20:03:29Z,3,,,3.32,5990.0,1922,False,,4.7,1804,Run,35.5,1,0,0
Afternoon Run,Run,2020-10-19T19:59:33Z,3,,,3.436,7109.0,2210,False,,5.1,2069,Run,41.9,2,0,0
Morning Ride,Ride,2020-10-18T13:16:27Z,5,,,3.342,11630.9,3676,False,,5.9,3480,Ride,78.4,3,0,0
Fuck rye long run,Run,2020-10-18T13:16:16Z,5,,,3.307,11298.4,3675,False,,6.1,3416,Run,78.0,3,2,0
Morning Run,Run,2020-10-18T13:16:14Z,5,,,3.293,11365.1,3664,False,,6.8,3451,Run,78.3,3,0,0
Evening Run,Run,2020-10-17T22:28:13Z,1,,,3.113,7626.7,2558,False,,5.5,2450,Run,42.7,0,0,0
Afternoon Run,Run,2020-10-10T19:20:58Z,1,,,3.761,5708.5,1604,False,,6.0,1518,Run,121.9,1,0,0
Afternoon Run,Run,2020-10-05T19:43:59Z,1,,,3.621,2100.1,757,False,,8.2,580,Run,18.8,0,0,0
Morning Run,Run,2020-10-04T14:25:25Z,1,,,3.484,8917.9,2715,False,,6.0,2560,Run,66.9,1,0,0
Afternoon Run,Run,2020-10-02T19:33:16Z,1,,,3.947,2099.6,546,False,,11.8,532,Run,0.0,1,0,0
Afternoon Run,Run,2020-10-01T20:03:01Z,1,,,3.649,11762.9,3329,False,,5.6,3224,Run,65.9,0,3,2
Afternoon Run,Run,2020-10-01T19:38:41Z,1,,,3.851,1952.4,526,False,,6.5,507,Run,19.0,0,0,0
Afternoon Run,Run,2020-09-30T20:36:47Z,1,,,5.065,997.9,202,False,,7.4,197,Run,0.0,1,0,0
Afternoon Run,Run,2020-09-30T20:25:52Z,1,,,4.92,1033.2,211,False,,6.7,210,Run,0.0,1,3,2
Afternoon Run,Run,2020-09-30T20:15:30Z,1,,,4.897,998.9,209,False,,7.0,204,Run,0.0,1,2,0
Afternoon Run,Run,2020-09-30T20:05:32Z,1,,,4.828,994.6,211,False,,6.2,206,Run,0.0,1,2,1
Evening Run,Run,2020-09-28T22:32:37Z,1,,,4.028,4407.1,1311,False,,8.2,1094,Run,29.3,0,1,0
Evening Run,Run,2020-09-28T22:21:16Z,1,,,3.164,332.2,115,False,,4.7,105,Run,0.0,0,0,0
Evening Run,Run,2020-09-26T22:48:09Z,1,,,3.903,9206.2,2525,False,,6.6,2359,Run,53.0,0,1,0
Evening Run,Run,2020-09-26T22:37:09Z,1,,,3.776,253.0,74,False,,4.8,67,Run,0.0,0,0,0
Evening Run,Run,2020-09-22T23:13:16Z,1,,,3.304,8454.6,2726,False,,6.2,2559,Run,46.6,0,0,0
Evening Run,Run,2020-09-22T23:03:13Z,1,,,3.064,291.1,129,False,,4.4,95,Run,0.0,0,0,0
Afternoon Run,Run,2020-09-21T20:19:55Z,2,,,3.493,5295.6,1597,False,,6.9,1516,Run,29.2,0,0,0
Afternoon Run,Run,2020-09-21T20:01:25Z,2,,,3.988,1108.7,308,False,,6.8,278,Run,16.2,0,0,0
Afternoon Run,Run,2020-09-21T19:51:10Z,2,,,4.155,1121.9,298,False,,7.0,270,Run,16.3,0,0,0
Afternoon Run,Run,2020-09-21T19:41:57Z,1,,,3.048,1176.5,400,False,,4.5,386,Run,16.4,0,0,0
Evening Run,Run,2020-09-20T22:56:12Z,1,,,4.129,4521.5,1285,False,,7.7,1095,Run,27.2,0,2,1
Afternoon Run,Run,2020-09-20T19:15:47Z,2,,,3.448,5727.1,1747,False,,7.5,1661,Run,78.7,0,0,0
Afternoon Run,Run,2020-09-20T19:07:04Z,1,,,2.751,242.1,96,False,,4.3,88,Run,0.0,0,0,0
Lunch Run,Run,2020-09-05T15:09:09Z,1,,,3.2,4368.5,1430,False,,4.8,1365,Run,38.9,0,0,0
Lunch Run,Run,2020-09-05T15:01:48Z,1,,,3.219,785.5,262,False,,4.1,244,Run,0.0,0,0,0
Afternoon Run,Run,2020-09-04T18:05:02Z,1,,,3.762,7272.1,2063,False,,6.4,1933,Run,50.2,0,3,0
Morning Run,Run,2020-09-02T11:20:41Z,1,,,3.031,2194.6,762,False,,4.9,724,Run,11.6,0,0,0
Morning Run,Run,2020-08-23T10:50:51Z,1,,,3.208,3862.4,1287,False,,4.8,1204,Run,21.8,0,0,0
Morning Run,Run,2020-08-22T13:27:47Z,1,,,3.397,11871.8,4789,False,,7.2,3495,Run,83.5,0,2,1
Evening Run,Run,2020-08-17T23:24:45Z,1,,,3.964,4732.5,1227,False,,6.6,1194,Run,32.9,0,3,0
Morning Run,Run,2020-08-11T14:11:56Z,1,,,3.437,4440.9,1308,False,,7.0,1292,Run,48.8,0,1,1
Morning Run,Run,2020-08-10T12:19:40Z,1,,,3.373,4603.5,1388,False,,5.6,1365,Run,48.7,0,1,0
Night Run,Run,2020-07-24T02:00:48Z,1,,,2.661,6917.7,2624,False,,3.6,2600,Run,63.6,0,3,0
Afternoon Run,Run,2020-07-23T18:26:12Z,1,,,2.829,2209.2,812,False,,4.9,781,Run,0.0,0,3,1
Morning Run,Run,2020-07-21T12:57:41Z,1,,,3.144,13076.6,4311,False,,8.0,4159,Run,128.9,0,3,0
Afternoon Run,Run,2020-07-20T18:08:50Z,1,,,3.114,1491.4,503,False,,5.5,479,Run,18.3,0,0,0
Morning Run,Run,2020-07-20T12:41:02Z,2,,,0.83,1300.8,19522,False,,4.8,1567,Run,6.0,0,0,0
Morning Run,Run,2020-06-18T10:15:01Z,1,,,3.606,750.0,1526198,False,,4.4,208,Run,4.1,0,0,0
SL1,Run,2020-06-09T19:08:03Z,1,,,2.864,4871.4,2019,False,,5.0,1701,Run,35.0,0,0,0
Evening Run,Run,2020-05-17T00:21:39Z,1,,,3.173,1196.1,385,False,,5.3,377,Run,16.4,0,0,0
Afternoon Run,Run,2020-05-10T20:27:15Z,1,,,3.438,10545.3,3321,False,,6.3,3067,Run,63.5,0,0,0
Afternoon Run,Run,2020-04-07T19:34:39Z,1,,,4.008,2276.5,701,False,,6.4,568,Run,15.5,0,0,0
Afternoon Run,Run,2020-04-06T20:36:12Z,1,,,3.308,7589.1,82679,False,,5.2,2294,Run,56.1,0,0,0
Afternoon Run,Run,2020-04-02T19:51:17Z,1,,,3.304,5827.8,1774,False,,5.2,1764,Run,50.3,1,1,0
Afternoon Run,Run,2020-03-20T21:20:04Z,1,,,4.233,3200.4,772,False,,6.2,756,Run,24.2,0,0,0
Afternoon Run,Run,2020-03-04T22:51:06Z,1,,,4.118,5477.0,1470,False,,6.9,1330,Run,36.1,0,4,1
Lunch Run,Run,2020-01-20T16:12:34Z,1,,,2.949,3196.8,2300,False,,5.7,1084,Run,37.1,0,0,0
Afternoon Run,Run,2019-10-20T18:00:37Z,1,,,4.871,1675.5,344,False,,6.1,344,Run,0.0,0,4,1
Afternoon Run,Run,2019-10-20T17:45:55Z,1,,,4.808,1654.1,344,False,,6.5,344,Run,0.0,0,4,2
Afternoon Run,Run,2019-10-20T17:34:01Z,1,,,4.839,1621.1,335,False,,6.0,335,Run,0.0,0,4,4
Evening Run,Run,2019-10-09T00:27:11Z,1,,,4.16,5000.9,1202,False,,5.6,1202,Run,49.5,0,6,5
Lunch Run,Run,2019-09-22T16:52:22Z,1,,,3.169,3106.0,1409647,False,,5.4,980,Run,26.3,0,1,0
Evening Run,Run,2019-09-01T23:48:36Z,1,,,3.445,3241.9,982,False,,5.3,941,Run,0.0,0,0,0
"Back from Greece, day 2",Run,2019-08-11T10:07:35Z,1,,,3.306,7326.3,2216,False,,5.6,2216,Run,0.0,0,1,0
"Back from Greece, Grind day 1",Run,2019-08-10T09:59:06Z,1,,,3.58,5302.1,1485,False,,5.3,1481,Run,66.2,0,5,1
Evening Run,Run,2019-07-15T23:54:35Z,1,,,3.571,5021.5,79777,False,,4.9,1406,Run,33.0,0,6,1
Evening Run,Run,2019-07-09T22:02:23Z,1,,,3.73,3229.9,525085,False,,6.9,866,Run,22.5,0,4,1
Summer run day 2,Run,2019-06-23T14:59:02Z,1,,,3.694,5200.5,1508,False,,6.4,1408,Run,31.9,0,6,5
Summer run day 1,Run,2019-06-22T16:55:21Z,1,,,3.312,7197.8,2390,False,,6.6,2173,Run,52.4,0,10,2
Day 2,Run,2019-05-08T23:56:07Z,1,,,3.52,6533.2,1890,False,,5.4,1856,Run,46.9,0,6,4
Day 1,Run,2019-05-07T23:32:57Z,1,,,3.493,5648.7,1651,False,,5.2,1617,Run,44.9,0,0,0
